"date","new_topics","new_posts","new_members","most_members_online","hits"
2009-12-01,0,0,0,2,0
2009-12-02,0,0,0,1,0
2009-12-03,0,0,0,2,0
2009-12-04,0,0,1,2,0
2009-12-05,1,1,1,1,0
2009-12-06,0,0,2,2,0
2009-12-07,0,0,0,2,0
2009-12-08,0,0,0,2,0
2009-12-09,1,3,3,3,0
2009-12-10,1,4,2,4,0
2009-12-11,0,4,1,3,0
2009-12-12,1,8,1,2,0
2009-12-13,0,4,0,2,0
2009-12-14,1,5,0,3,0
2009-12-15,0,4,0,3,0
2009-12-16,1,2,0,2,0
2009-12-17,0,4,0,6,0
2009-12-18,0,2,1,5,0
2009-12-19,0,0,0,3,0
2009-12-20,0,0,0,2,0
2009-12-21,0,0,0,3,0
2009-12-22,0,0,0,3,0
2009-12-23,0,1,2,4,0
2009-12-24,0,0,0,3,0
2009-12-25,0,0,0,2,0
2009-12-26,0,0,1,4,0
2009-12-27,0,0,0,2,0
2009-12-28,0,0,0,3,0
2009-12-29,0,0,0,4,0
2009-12-30,0,2,0,3,0
2009-12-31,0,0,0,4,0
2010-01-01,1,1,1,3,0
2010-01-02,0,0,0,3,0
2010-01-03,0,0,0,3,0
2010-01-04,0,0,0,2,0
2010-01-05,0,2,0,3,0
2010-01-06,0,0,0,3,0
2010-01-07,0,1,0,4,0
2010-01-08,0,0,0,3,0
2010-01-09,0,0,0,3,0
2010-01-10,0,0,0,4,0
2010-01-11,1,1,0,4,0
2010-01-12,0,2,2,4,0
2010-01-13,1,7,0,5,0
2010-01-14,0,2,0,4,0
2010-01-15,1,2,1,5,0
2010-01-16,2,6,0,4,0
2010-01-17,0,2,0,4,0
2010-01-18,1,2,1,6,0
2010-01-19,0,1,1,4,0
2010-01-20,0,2,1,5,0
2010-01-21,0,1,0,3,0
2010-01-22,1,1,0,4,0
2010-01-23,0,0,0,4,0
2010-01-24,2,8,1,5,0
2010-01-25,1,13,0,5,0
2010-01-26,1,6,0,4,0
2010-01-27,4,16,1,5,0
2010-01-28,0,14,0,5,0
2010-01-29,0,8,0,5,0
2010-01-30,0,0,0,5,0
2010-01-31,1,4,0,3,0
2010-02-01,3,13,1,5,0
2010-02-02,0,8,0,6,0
2010-02-03,2,16,1,6,0
2010-02-04,2,16,0,6,0
2010-02-05,3,14,2,7,0
2010-02-06,1,16,1,7,0
2010-02-07,1,10,0,6,0
2010-02-08,1,12,0,6,0
2010-02-09,0,16,1,7,0
2010-02-10,1,6,0,6,0
2010-02-11,0,2,0,5,0
2010-02-12,1,11,3,8,0
2010-02-13,0,2,0,5,0
2010-02-14,2,9,3,5,0
2010-02-15,2,23,1,8,0
2010-02-16,2,20,1,8,0
2010-02-17,1,11,1,7,0
2010-02-18,1,13,0,10,0
2010-02-19,1,4,0,7,0
2010-02-20,0,6,0,7,0
2010-02-21,2,15,0,8,0
2010-02-22,1,5,0,8,0
2010-02-23,2,21,1,9,0
2010-02-24,1,60,2,12,0
2010-02-25,0,27,0,10,0
2010-02-26,0,22,1,10,0
2010-02-27,1,9,3,8,0
2010-02-28,2,7,3,9,0
2010-03-01,0,9,0,12,0
2010-03-02,2,22,0,9,0
2010-03-03,0,15,0,10,0
2010-03-04,1,7,0,6,0
2010-03-05,1,16,2,76,0
2010-03-06,0,7,0,8,0
2010-03-07,0,17,2,28,0
2010-03-08,5,13,2,8,0
2010-03-09,1,3,0,7,0
2010-03-10,1,7,0,8,0
2010-03-11,2,8,2,8,0
2010-03-12,0,0,1,9,0
2010-03-13,1,4,1,7,0
2010-03-14,1,5,0,7,0
2010-03-15,2,12,0,7,0
2010-03-16,0,11,1,8,0
2010-03-17,1,16,1,12,0
2010-03-18,1,8,8,9,0
2010-03-19,0,6,2,11,0
2010-03-20,1,29,1,17,0
2010-03-21,0,4,1,8,0
2010-03-22,2,5,1,8,0
2010-03-23,0,6,3,9,0
2010-03-24,1,4,0,6,0
2010-03-25,0,4,2,31,0
2010-03-26,0,0,2,14,0
2010-03-27,1,4,2,14,0
2010-03-28,0,2,0,15,0
2010-03-29,0,3,1,13,0
2010-03-30,1,8,5,12,0
2010-03-31,1,3,0,17,0
2010-04-01,0,2,0,8,0
2010-04-02,1,1,0,9,0
2010-04-03,1,4,1,8,0
2010-04-04,0,1,1,12,0
2010-04-05,2,4,1,13,0
2010-04-06,3,12,5,15,0
2010-04-07,0,6,25,12,0
2010-04-08,3,16,6,14,0
2010-04-09,1,5,2,18,0
2010-04-10,1,9,0,16,0
2010-04-11,0,3,1,10,0
2010-04-12,0,0,2,10,0
2010-04-13,1,5,2,31,0
2010-04-14,4,22,6,14,0
2010-04-15,4,20,2,12,0
2010-04-16,1,14,1,11,0
2010-04-17,0,4,0,10,0
2010-04-18,0,3,0,11,0
2010-04-19,1,8,1,11,0
2010-04-20,0,4,3,11,0
2010-04-21,2,13,2,17,0
2010-04-22,2,14,0,13,0
2010-04-23,0,6,1,11,0
2010-04-24,1,1,2,11,0
2010-04-25,1,4,1,9,0
2010-04-26,0,3,1,9,0
2010-04-27,0,5,2,12,0
2010-04-28,0,5,2,11,0
2010-04-29,1,3,0,19,0
2010-04-30,0,3,3,20,0
2010-05-01,0,4,1,9,0
2010-05-02,1,8,3,12,0
2010-05-03,2,11,1,10,0
2010-05-04,1,9,2,13,0
2010-05-05,0,2,2,13,0
2010-05-06,0,6,3,13,0
2010-05-07,1,2,3,10,0
2010-05-08,0,11,2,11,0
2010-05-09,3,10,0,10,0
2010-05-10,2,10,3,15,0
2010-05-11,0,4,2,15,0
2010-05-12,0,2,0,19,0
2010-05-13,1,4,3,15,0
2010-05-14,1,6,1,16,0
2010-05-15,0,0,2,15,0
2010-05-16,0,10,0,17,0
2010-05-17,1,5,2,18,0
2010-05-18,1,11,6,18,0
2010-05-19,3,12,3,16,0
2010-05-20,2,7,2,17,0
2010-05-21,2,16,4,15,0
2010-05-22,1,10,0,17,0
2010-05-23,4,10,2,16,0
2010-05-24,4,22,0,18,0
2010-05-25,1,13,2,23,0
2010-05-26,3,20,4,19,0
2010-05-27,0,11,2,17,0
2010-05-28,0,10,3,15,0
2010-05-29,1,12,3,18,0
2010-05-30,1,16,3,17,0
2010-05-31,0,6,1,25,0
2010-06-01,0,4,1,18,0
2010-06-02,0,7,1,16,0
2010-06-03,1,12,3,19,0
2010-06-04,2,16,2,17,0
2010-06-05,3,30,2,17,0
2010-06-06,1,6,0,19,0
2010-06-07,3,15,1,24,0
2010-06-08,5,18,2,29,0
2010-06-09,2,12,3,24,0
2010-06-10,4,29,2,19,0
2010-06-11,5,40,0,19,0
2010-06-12,2,25,2,33,0
2010-06-13,2,24,1,14,0
2010-06-14,3,37,0,18,0
2010-06-15,1,4,2,26,0
2010-06-16,0,8,1,35,0
2010-06-17,1,10,3,18,0
2010-06-18,0,7,3,17,0
2010-06-19,2,5,3,13,0
2010-06-20,0,6,1,15,0
2010-06-21,1,18,2,17,0
2010-06-22,2,38,1,31,0
2010-06-23,9,51,6,21,0
2010-06-24,1,20,0,20,0
2010-06-25,5,27,2,19,0
2010-06-26,3,37,2,15,0
2010-06-27,0,20,1,15,0
2010-06-28,3,14,4,19,0
2010-06-29,4,23,3,38,0
2010-06-30,2,21,1,23,0
2010-07-01,1,20,0,22,0
2010-07-02,0,10,2,17,0
2010-07-03,2,8,1,16,0
2010-07-04,1,13,0,15,0
2010-07-05,5,29,5,19,0
2010-07-06,3,28,1,17,0
2010-07-07,5,36,2,18,0
2010-07-08,4,32,4,21,0
2010-07-09,4,34,2,20,0
2010-07-10,6,42,1,21,0
2010-07-11,11,45,6,91,0
2010-07-12,33,230,52,98,0
2010-07-13,28,257,46,59,0
2010-07-14,30,321,29,59,0
2010-07-15,35,324,19,64,0
2010-07-16,23,291,30,60,0
2010-07-17,21,215,9,42,0
2010-07-18,27,267,15,59,0
2010-07-19,21,282,16,62,0
2010-07-20,14,190,13,46,0
2010-07-21,21,316,19,43,0
2010-07-22,18,270,8,41,0
2010-07-23,13,247,11,45,0
2010-07-24,9,188,7,37,0
2010-07-25,8,191,10,46,0
2010-07-26,9,182,9,46,0
2010-07-27,11,149,7,42,0
2010-07-28,17,175,12,43,0
2010-07-29,23,260,20,54,0
2010-07-30,18,198,11,43,0
2010-07-31,8,118,3,40,0
2010-08-01,9,80,5,28,0
2010-08-02,12,164,5,41,0
2010-08-03,17,256,10,39,0
2010-08-04,8,221,3,36,0
2010-08-05,14,169,10,34,0
2010-08-06,21,263,9,38,0
2010-08-07,12,156,7,59,0
2010-08-08,5,126,5,39,0
2010-08-09,12,143,3,37,0
2010-08-10,14,185,12,44,0
2010-08-11,8,182,15,37,0
2010-08-12,8,129,12,35,0
2010-08-13,12,197,11,51,0
2010-08-14,6,162,14,38,0
2010-08-15,11,294,24,48,0
2010-08-16,14,253,23,48,0
2010-08-17,6,148,22,41,0
2010-08-18,17,179,13,38,0
2010-08-19,11,152,18,42,0
2010-08-20,13,200,20,58,0
2010-08-21,6,100,22,48,0
2010-08-22,4,96,9,33,0
2010-08-23,16,203,27,34,0
2010-08-24,5,148,25,32,0
2010-08-25,8,144,29,36,0
2010-08-26,7,122,27,32,0
2010-08-27,7,124,12,29,0
2010-08-28,3,86,11,26,0
2010-08-29,4,64,55,42,0
2010-08-30,7,106,30,57,0
2010-08-31,6,86,27,42,0
2010-09-01,8,91,43,75,0
2010-09-02,5,66,45,41,0
2010-09-03,3,39,29,32,0
2010-09-04,5,32,21,31,0
2010-09-05,5,29,26,29,0
2010-09-06,5,77,27,38,0
2010-09-07,7,59,8,34,0
2010-09-08,6,60,6,37,0
2010-09-09,9,81,9,35,0
2010-09-10,0,52,11,32,0
2010-09-11,3,36,8,29,0
2010-09-12,4,80,9,36,0
2010-09-13,7,134,16,34,0
2010-09-14,9,169,10,37,0
2010-09-15,8,112,10,33,0
2010-09-16,9,108,14,31,0
2010-09-17,2,59,18,36,0
2010-09-18,6,62,15,30,0
2010-09-19,5,76,18,38,0
2010-09-20,188,274,16,35,0
2010-09-21,8,157,36,35,0
2010-09-22,1,78,17,29,0
2010-09-23,8,156,13,66,0
2010-09-24,8,98,30,34,0
2010-09-25,1,77,30,32,0
2010-09-26,3,105,9,30,0
2010-09-27,13,172,16,44,0
2010-09-28,5,101,25,59,0
2010-09-29,13,185,30,46,0
2010-09-30,10,153,22,48,0
2010-10-01,10,137,29,35,0
2010-10-02,6,130,18,34,0
2010-10-03,7,117,11,40,0
2010-10-04,14,231,18,43,0
2010-10-05,11,184,4,38,0
2010-10-06,12,165,7,37,0
2010-10-07,9,201,8,37,0
2010-10-08,7,182,6,44,0
2010-10-09,14,221,9,41,0
2010-10-10,11,128,9,40,0
2010-10-11,14,155,7,43,0
2010-10-12,8,140,13,41,0
2010-10-13,9,133,7,52,0
2010-10-14,6,111,8,47,0
2010-10-15,9,151,11,39,0
2010-10-16,8,99,4,37,0
2010-10-17,5,166,2,44,0
2010-10-18,12,143,10,52,0
2010-10-19,14,110,9,44,0
2010-10-20,10,136,10,55,0
2010-10-21,9,149,11,56,0
2010-10-22,9,154,10,39,0
2010-10-23,7,137,11,46,0
2010-10-24,9,143,4,39,0
2010-10-25,13,140,13,47,0
2010-10-26,7,203,12,46,0
2010-10-27,21,185,21,59,0
2010-10-28,9,147,8,55,0
2010-10-29,13,174,12,46,0
2010-10-30,4,107,11,57,0
2010-10-31,6,69,2,36,0
2010-11-01,11,183,9,36,0
2010-11-02,9,152,11,45,0
2010-11-03,5,201,10,50,0
2010-11-04,7,130,10,44,0
2010-11-05,7,182,3,47,0
2010-11-06,13,131,16,41,0
2010-11-07,7,142,8,42,0
2010-11-08,16,225,13,53,0
2010-11-09,18,315,16,61,0
2010-11-10,15,321,11,61,0
2010-11-11,15,197,12,55,0
2010-11-12,14,144,8,66,0
2010-11-13,12,144,15,39,0
2010-11-14,5,91,7,68,0
2010-11-15,13,184,14,60,0
2010-11-16,14,177,17,63,0
2010-11-17,7,149,14,49,0
2010-11-18,20,217,16,47,0
2010-11-19,14,238,10,44,0
2010-11-20,12,211,10,59,0
2010-11-21,10,280,10,53,0
2010-11-22,16,224,18,74,0
2010-11-23,13,276,12,46,0
2010-11-24,20,263,16,48,0
2010-11-25,25,292,12,55,0
2010-11-26,17,245,16,68,0
2010-11-27,12,248,15,56,0
2010-11-28,16,244,15,46,0
2010-11-29,17,290,17,50,0
2010-11-30,14,315,13,65,0
2010-12-01,9,223,12,60,0
2010-12-02,12,231,14,60,0
2010-12-03,19,325,18,81,0
2010-12-04,12,282,12,52,0
2010-12-05,18,274,16,60,0
2010-12-06,20,364,22,74,0
2010-12-07,26,380,18,101,0
2010-12-08,21,389,25,71,0
2010-12-09,22,418,12,82,0
2010-12-10,21,302,8,90,0
2010-12-11,13,254,23,71,0
2010-12-12,13,292,20,104,0
2010-12-13,21,327,22,88,0
2010-12-14,29,338,40,82,0
2010-12-15,21,276,23,73,0
2010-12-16,19,385,29,84,0
2010-12-17,13,334,27,63,0
2010-12-18,17,256,24,84,0
2010-12-19,19,266,27,73,0
2010-12-20,14,367,16,76,0
2010-12-21,22,267,26,69,0
2010-12-22,7,186,28,62,0
2010-12-23,16,233,33,60,0
2010-12-24,18,221,27,50,0
2010-12-25,7,115,15,52,0
2010-12-26,14,159,18,63,0
2010-12-27,18,236,26,62,0
2010-12-28,24,398,19,72,0
2010-12-29,12,242,28,65,0
2010-12-30,19,325,26,83,0
2010-12-31,16,175,26,58,0
2011-01-01,10,197,10,69,0
2011-01-02,9,154,22,60,0
2011-01-03,19,198,25,73,0
2011-01-04,21,232,33,67,0
2011-01-05,17,245,38,67,0
2011-01-06,19,244,24,75,0
2011-01-07,25,285,34,77,0
2011-01-08,19,305,23,66,0
2011-01-09,15,245,21,62,0
2011-01-10,18,292,29,76,0
2011-01-11,24,273,27,73,0
2011-01-12,10,203,21,67,0
2011-01-13,10,249,26,75,0
2011-01-14,14,352,35,67,0
2011-01-15,28,309,27,67,0
2011-01-16,26,300,21,104,0
2011-01-17,16,368,24,75,0
2011-01-18,12,204,30,68,0
2011-01-19,12,247,21,303,0
2011-01-20,20,387,23,79,0
2011-01-21,14,307,26,74,0
2011-01-22,17,260,19,71,0
2011-01-23,10,260,14,100,0
2011-01-24,20,297,17,72,0
2011-01-25,18,320,28,80,0
2011-01-26,12,248,39,73,0
2011-01-27,23,332,62,70,0
2011-01-28,17,256,38,69,0
2011-01-29,8,284,21,67,0
2011-01-30,16,174,14,72,0
2011-01-31,17,254,45,86,0
2011-02-01,25,406,29,103,0
2011-02-02,28,455,30,90,0
2011-02-03,26,351,31,81,0
2011-02-04,21,418,23,87,0
2011-02-05,24,285,38,72,0
2011-02-06,19,319,13,96,0
2011-02-07,21,284,18,86,0
2011-02-08,26,334,26,87,0
2011-02-09,22,458,34,156,0
2011-02-10,46,610,48,230,0
2011-02-11,40,582,83,176,0
2011-02-12,35,535,80,166,0
2011-02-13,34,441,47,151,0
2011-02-14,34,479,72,158,0
2011-02-15,39,575,44,131,0
2011-02-16,29,543,45,144,0
2011-02-17,25,444,66,139,0
2011-02-18,40,558,63,148,0
2011-02-19,30,562,56,140,0
2011-02-20,33,507,42,135,0
2011-02-21,39,614,58,177,0
2011-02-22,42,558,85,196,0
2011-02-23,37,593,77,154,0
2011-02-24,47,783,52,154,0
2011-02-25,41,608,44,138,0
2011-02-26,34,484,54,148,0
2011-02-27,28,594,44,168,0
2011-02-28,37,714,77,167,0
2011-03-01,50,768,98,180,0
2011-03-02,33,773,78,207,0
2011-03-03,41,704,63,168,0
2011-03-04,25,632,66,143,0
2011-03-05,51,656,45,143,0
2011-03-06,41,643,48,145,0
2011-03-07,41,684,56,186,0
2011-03-08,41,733,60,164,0
2011-03-09,32,561,84,156,0
2011-03-10,25,538,81,137,0
2011-03-11,25,454,74,137,0
2011-03-12,30,508,74,127,0
2011-03-13,16,319,65,110,0
2011-03-14,32,500,111,129,0
2011-03-15,32,468,101,138,0
2011-03-16,37,535,83,133,0
2011-03-17,47,581,71,131,0
2011-03-18,39,545,108,128,0
2011-03-19,54,552,69,136,0
2011-03-20,40,543,48,152,0
2011-03-21,41,616,106,210,0
2011-03-22,38,695,77,184,0
2011-03-23,62,916,115,293,0
2011-03-24,54,732,106,219,0
2011-03-25,42,769,101,179,0
2011-03-26,39,683,99,165,0
2011-03-27,38,547,74,193,0
2011-03-28,57,662,102,187,0
2011-03-29,64,813,103,179,0
2011-03-30,50,786,88,170,0
2011-03-31,43,814,84,159,0
2011-04-01,57,687,121,154,0
2011-04-02,36,502,120,160,0
2011-04-03,25,419,82,165,0
2011-04-04,37,786,97,201,0
2011-04-05,46,736,101,186,0
2011-04-06,62,911,140,214,0
2011-04-07,40,731,111,173,0
2011-04-08,48,763,108,164,0
2011-04-09,46,598,107,176,0
2011-04-10,40,638,56,512,0
2011-04-11,28,594,102,518,0
2011-04-12,46,537,84,198,0
2011-04-13,47,738,81,181,0
2011-04-14,41,696,86,202,0
2011-04-15,53,797,95,194,0
2011-04-16,60,764,99,243,0
2011-04-17,57,642,78,270,0
2011-04-18,55,920,110,248,0
2011-04-19,65,787,92,253,0
2011-04-20,66,916,99,220,0
2011-04-21,67,929,81,234,0
2011-04-22,48,734,86,233,0
2011-04-23,74,824,69,257,0
2011-04-24,60,889,65,248,0
2011-04-25,78,1120,121,267,0
2011-04-26,65,990,97,225,0
2011-04-27,69,940,110,321,0
2011-04-28,80,1369,108,669,0
2011-04-29,73,1172,109,317,0
2011-04-30,91,1268,109,697,0
2011-05-01,80,1385,122,877,0
2011-05-02,98,1373,135,424,0
2011-05-03,76,1321,119,1931,0
2011-05-04,99,1429,122,370,0
2011-05-05,103,1553,138,373,0
2011-05-06,78,1161,118,297,0
2011-05-07,73,1062,117,791,0
2011-05-08,112,1396,98,876,0
2011-05-09,138,1561,103,372,0
2011-05-10,121,1669,137,461,0
2011-05-11,111,1600,165,414,0
2011-05-12,92,1498,165,466,0
2011-05-13,120,1781,158,523,0
2011-05-14,102,1382,149,480,0
2011-05-15,107,1627,117,471,0
2011-05-16,121,1351,228,737,0
2011-05-17,181,2061,294,258,0
2011-05-18,129,2190,219,212,0
2011-05-19,161,2018,297,224,0
2011-05-20,152,2036,289,210,0
2011-05-21,121,1631,204,173,0
2011-05-22,119,1678,199,252,0
2011-05-23,161,2055,257,248,0
2011-05-24,162,2127,253,245,0
2011-05-25,181,2350,285,272,0
2011-05-26,171,2480,245,286,0
2011-05-27,161,2353,210,257,0
2011-05-28,166,1854,186,217,0
2011-05-29,134,2148,173,260,0
2011-05-30,182,2361,242,274,0
2011-05-31,222,2840,415,359,0
2011-06-01,225,2510,348,342,0
2011-06-02,288,3080,414,393,0
2011-06-03,329,3710,408,1320,0
2011-06-04,313,3288,375,1152,0
2011-06-05,328,3763,400,1360,0
2011-06-06,377,4429,440,1509,0
2011-06-07,410,4895,494,1455,0
2011-06-08,547,5781,733,2064,0
2011-06-09,481,5532,712,1941,0
2011-06-10,467,5510,585,1930,0
2011-06-11,424,4948,462,2024,0
2011-06-12,560,6219,624,1973,0
2011-06-13,445,5236,629,2104,0
2011-06-14,394,4258,448,2599,0
2011-06-15,469,5005,497,2401,0
2011-06-16,450,5049,756,2059,0
2011-06-17,452,5511,666,1980,0
2011-06-18,407,5147,550,1737,0
2011-06-19,452,6280,757,3809,0
2011-06-20,485,7017,654,3670,0
2011-06-21,521,7289,515,3001,0
2011-06-22,426,6188,400,1921,0
2011-06-23,371,5679,378,1484,0
2011-06-24,382,5796,400,1379,0
2011-06-25,388,5548,315,1517,0
2011-06-26,340,5115,303,1620,0
2011-06-27,439,5184,330,1417,0
2011-06-28,419,5298,325,1305,0
2011-06-29,364,4568,299,1240,0
2011-06-30,326,4542,266,1170,0
2011-07-01,325,4375,255,1038,0
2011-07-02,252,3778,188,944,0
2011-07-03,256,3529,174,981,0
2011-07-04,283,4266,192,1146,0
2011-07-05,277,4574,206,1453,0
2011-07-06,224,4664,250,1126,0
2011-07-07,265,4560,201,1221,0
2011-07-08,205,4053,194,946,0
2011-07-09,204,3216,174,906,0
2011-07-10,187,3074,179,957,0
2011-07-11,230,3966,204,1120,0
2011-07-12,283,3944,201,1029,0
2011-07-13,244,3760,215,1150,0
2011-07-14,223,3821,199,1033,0
2011-07-15,212,3533,176,869,0
2011-07-16,189,3132,177,782,0
2011-07-17,153,2808,148,871,0
2011-07-18,207,3500,188,1020,0
2011-07-19,233,3621,163,925,0
2011-07-20,229,3404,156,912,0
2011-07-21,192,3100,150,851,0
2011-07-22,172,3027,148,815,0
2011-07-23,173,2679,145,726,0
2011-07-24,166,2509,143,768,0
2011-07-25,203,2999,173,859,0
2011-07-26,191,3041,180,870,0
2011-07-27,220,3225,173,979,0
2011-07-28,188,3016,142,811,0
2011-07-29,197,3369,131,865,0
2011-07-30,136,2470,122,788,0
2011-07-31,178,2896,119,853,0
2011-08-01,176,2654,127,848,0
2011-08-02,210,3273,151,1088,0
2011-08-03,222,3431,147,1312,0
2011-08-04,184,3410,149,883,0
2011-08-05,185,3056,125,773,0
2011-08-06,214,3016,118,840,0
2011-08-07,245,3087,129,835,0
2011-08-08,322,2940,120,827,0
2011-08-09,196,2987,153,766,0
2011-08-10,185,2612,132,738,0
2011-08-11,176,2683,130,691,0
2011-08-12,145,2520,134,667,0
2011-08-13,133,1848,113,568,0
2011-08-14,141,1943,94,587,0
2011-08-15,140,2248,104,700,0
2011-08-16,181,3053,111,1002,0
2011-08-17,162,2616,132,701,0
2011-08-18,162,2441,141,671,0
2011-08-19,167,2520,102,672,0
2011-08-20,116,1671,92,552,0
2011-08-21,125,1795,102,666,0
2011-08-22,140,1877,139,785,0
2011-08-23,137,2125,128,665,0
2011-08-24,151,1909,142,625,0
2011-08-25,209,2512,130,707,0
2011-08-26,163,2366,146,741,0
2011-08-27,120,1831,129,594,0
2011-08-28,122,1893,97,620,0
2011-08-29,137,2179,114,750,0
2011-08-30,159,2796,110,738,0
2011-08-31,177,2715,125,728,0
2011-09-01,122,2713,127,752,0
2011-09-02,142,2888,134,711,0
2011-09-03,113,2162,103,532,0
2011-09-04,131,2530,115,708,0
2011-09-05,138,2460,109,606,0
2011-09-06,208,3180,98,756,0
2011-09-07,161,2511,128,637,0
2011-09-08,126,2396,100,590,0
2011-09-09,171,2477,68,1254,0
2011-09-10,0,0,0,153,0
2011-09-11,119,1750,79,733,0
2011-09-12,128,2191,117,659,0
2011-09-13,128,2298,110,626,0
2011-09-14,115,1780,84,536,0
2011-09-15,116,1929,76,522,0
2011-09-16,80,1738,80,501,0
2011-09-17,90,1689,74,426,0
2011-09-18,89,1648,67,450,0
2011-09-19,99,1735,77,457,0
2011-09-20,99,1783,64,441,0
2011-09-21,89,1874,66,417,0
2011-09-22,101,1830,80,449,0
2011-09-23,84,1844,73,454,0
2011-09-24,66,1300,66,379,0
2011-09-25,65,1151,56,376,0
2011-09-26,75,1732,68,446,0
2011-09-27,92,1585,81,415,0
2011-09-28,83,1496,48,451,0
2011-09-29,98,1513,54,421,0
2011-09-30,97,1402,50,386,0
2011-10-01,66,1236,51,334,0
2011-10-02,68,1173,39,403,0
2011-10-03,87,1653,55,432,0
2011-10-04,80,1462,41,428,0
2011-10-05,89,1356,65,428,0
2011-10-06,80,1576,65,421,0
2011-10-07,89,1641,60,489,0
2011-10-08,88,1506,66,394,0
2011-10-09,76,1467,57,389,0
2011-10-10,75,1570,79,456,0
2011-10-11,96,2105,83,464,0
2011-10-12,88,2189,71,479,0
2011-10-13,83,2371,76,512,0
2011-10-14,97,1604,54,405,0
2011-10-15,83,1629,60,404,0
2011-10-16,78,1294,54,454,0
2011-10-17,106,1979,81,572,0
2011-10-18,126,1905,104,606,0
2011-10-19,94,2019,83,663,0
2011-10-20,91,1796,107,502,0
2011-10-21,83,1578,78,446,0
2011-10-22,106,1481,72,428,0
2011-10-23,77,1289,61,423,0
2011-10-24,108,1724,65,507,0
2011-10-25,67,1441,74,467,0
2011-10-26,87,1681,60,436,0
2011-10-27,73,1503,55,395,0
2011-10-28,86,1467,62,371,0
2011-10-29,83,1164,64,389,0
2011-10-30,68,1177,71,454,0
2011-10-31,70,1398,65,413,0
2011-11-01,70,1343,73,451,0
2011-11-02,78,1612,72,482,0
2011-11-03,63,1222,82,390,0
2011-11-04,58,1210,57,352,0
2011-11-05,50,884,45,318,0
2011-11-06,72,896,47,327,174654
2011-11-07,56,1063,68,409,219071
2011-11-08,63,1262,78,374,213231
2011-11-09,74,1273,72,371,214894
2011-11-10,106,1559,84,367,238069
2011-11-11,60,1241,66,332,237978
2011-11-12,67,1059,64,326,197654
2011-11-13,57,997,61,336,206010
2011-11-14,80,1372,65,425,236023
2011-11-15,70,1195,85,400,229996
2011-11-16,57,1103,80,342,184685
2011-11-17,71,1178,61,358,198238
2011-11-18,61,1179,54,327,223729
2011-11-19,72,1066,56,315,211143
2011-11-20,44,938,57,344,194574
2011-11-21,81,1213,70,354,207478
2011-11-22,67,1157,68,340,206315
2011-11-23,75,1201,70,330,175842
2011-11-24,71,953,67,313,141918
2011-11-25,59,917,61,328,146942
2011-11-26,47,666,57,305,132684
2011-11-27,58,791,46,318,144691
2011-11-28,53,1070,68,355,172587
2011-11-29,83,1308,85,400,195737
2011-11-30,79,1508,74,412,186365
2011-12-01,81,1480,89,376,218600
2011-12-02,77,1178,84,346,192748
2011-12-03,56,885,44,365,178714
2011-12-04,49,789,62,337,166628
2011-12-05,50,865,66,361,219368
2011-12-06,69,1012,74,366,182298
2011-12-07,76,1039,68,345,184764
2011-12-08,51,1058,82,326,169133
2011-12-09,51,1070,53,325,160228
2011-12-10,49,720,48,312,148737
2011-12-11,57,1106,35,364,189844
2011-12-12,57,1089,54,366,206994
2011-12-13,91,1067,74,340,198476
2011-12-14,91,966,47,357,176329
2011-12-15,62,1038,70,319,169724
2011-12-16,56,946,48,304,164473
2011-12-17,46,734,42,275,158566
2011-12-18,44,805,25,295,160143
2011-12-19,69,1256,68,390,182184
2011-12-20,102,1496,61,346,212701
2011-12-21,74,1282,45,335,171776
2011-12-22,77,1448,62,360,186741
2011-12-23,77,1080,51,306,166689
2011-12-24,26,744,46,260,163809
2011-12-25,56,727,31,291,184026
2011-12-26,43,956,51,314,203001
2011-12-27,70,1206,47,350,199113
2011-12-28,49,1052,54,325,210140
2011-12-29,67,1288,47,358,160200
2011-12-30,62,1166,51,353,176038
2011-12-31,77,1305,46,354,176193
2012-01-01,59,1121,31,433,171688
2012-01-02,89,1324,63,434,196871
2012-01-03,78,1303,68,431,184760
2012-01-04,71,1446,72,530,212140
2012-01-05,111,2130,99,531,241233
2012-01-06,131,2079,72,529,238307
2012-01-07,83,1390,50,452,192704
2012-01-08,85,1688,57,469,201985
2012-01-09,98,1764,79,529,213444
2012-01-10,99,1649,72,499,207619
2012-01-11,87,1793,88,486,205281
2012-01-12,94,1691,75,504,217585
2012-01-13,114,2048,61,457,201912
2012-01-14,96,1735,48,483,200958
2012-01-15,82,1502,68,527,206929
2012-01-16,89,2082,56,619,245795
2012-01-17,96,1981,62,739,234450
2012-01-18,147,2857,72,610,246529
2012-01-19,110,2149,77,537,231109
2012-01-20,97,1695,62,508,236350
2012-01-21,87,1668,55,487,208284
2012-01-22,84,1655,62,506,213648
2012-01-23,92,1659,55,518,216424
2012-01-24,82,1680,68,513,202483
2012-01-25,96,1878,55,552,213161
2012-01-26,102,2341,86,551,231802
2012-01-27,92,2295,63,500,226083
2012-01-28,88,1732,81,438,217327
2012-01-29,74,1747,64,479,198950
2012-01-30,100,1920,55,513,201762
2012-01-31,108,1859,75,552,206149
2012-02-01,89,1834,73,581,221033
2012-02-02,95,1740,90,553,208453
2012-02-03,86,1538,76,503,210987
2012-02-04,76,1433,78,491,195206
2012-02-05,86,1556,61,563,219670
2012-02-06,121,1709,84,584,230820
2012-02-07,88,1790,78,564,239032
2012-02-08,95,1988,71,561,223439
2012-02-09,109,1937,69,539,228162
2012-02-10,91,1757,81,519,219122
2012-02-11,70,1319,70,506,247495
2012-02-12,81,1543,47,518,212699
2012-02-13,106,1864,69,579,260705
2012-02-14,114,2345,82,607,285170
2012-02-15,109,1883,83,598,222700
2012-02-16,122,2081,80,528,250785
2012-02-17,78,1944,59,504,231661
2012-02-18,77,1604,61,1713,222242
2012-02-19,96,1543,51,508,234186
2012-02-20,97,1851,75,568,253476
2012-02-21,57,1717,47,574,200512
2012-02-22,94,1650,80,547,248711
2012-02-23,110,1889,81,556,249032
2012-02-24,79,1755,66,507,246604
2012-02-25,81,1614,47,476,228880
2012-02-26,96,1845,45,501,228817
2012-02-27,127,1973,66,495,254261
2012-02-28,72,1705,56,516,256232
2012-02-29,75,1676,65,498,248640
2012-03-01,106,2059,87,752,246851
2012-03-02,121,2543,67,939,681043
2012-03-03,82,1466,52,484,591159
2012-03-04,86,1377,38,509,457447
2012-03-05,120,1797,69,614,560642
2012-03-06,116,2038,68,560,281008
2012-03-07,97,2049,62,562,294625
2012-03-08,109,1950,66,506,277937
2012-03-09,87,1845,74,491,268142
2012-03-10,78,1456,56,468,242347
2012-03-11,71,1590,46,473,234928
2012-03-12,100,1943,55,557,279747
2012-03-13,94,2096,77,542,285384
2012-03-14,75,1728,68,523,238384
2012-03-15,101,2012,63,547,245126
2012-03-16,96,1821,66,505,221473
2012-03-17,70,1292,57,437,225298
2012-03-18,78,1199,44,449,215531
2012-03-19,103,1744,81,567,235200
2012-03-20,114,1910,78,518,250381
2012-03-21,86,1519,67,498,221924
2012-03-22,75,1583,79,509,214796
2012-03-23,75,1505,93,463,197920
2012-03-24,61,1341,79,429,186571
2012-03-25,70,1360,54,448,221703
2012-03-26,91,1927,84,476,216974
2012-03-27,90,2006,104,507,214055
2012-03-28,91,1828,69,462,220164
2012-03-29,72,1550,92,482,205486
2012-03-30,79,1608,67,481,198902
2012-03-31,71,1392,56,390,192508
2012-04-01,70,1338,37,420,191737
2012-04-02,83,1552,65,534,208808
2012-04-03,78,1714,85,514,218074
2012-04-04,96,1674,78,495,222022
2012-04-05,85,1802,58,506,221540
2012-04-06,82,1614,72,449,207117
2012-04-07,76,1453,71,432,193367
2012-04-08,70,1297,57,410,196606
2012-04-09,99,1697,72,524,209795
2012-04-10,88,1853,82,513,214219
2012-04-11,85,1706,101,509,265304
2012-04-12,98,1516,69,493,188727
2012-04-13,97,1450,56,456,192868
2012-04-14,69,1144,51,408,168490
2012-04-15,75,1266,52,442,186013
2012-04-16,101,1600,82,511,202402
2012-04-17,88,1668,81,483,200520
2012-04-18,96,2003,78,498,216446
2012-04-19,94,1804,68,495,210337
2012-04-20,87,1735,75,458,219994
2012-04-21,79,1317,48,420,204153
2012-04-22,75,1234,39,433,184071
2012-04-23,81,1557,93,484,200444
2012-04-24,85,1835,81,491,221500
2012-04-25,77,1494,73,520,216750
2012-04-26,74,1544,91,581,217453
2012-04-27,81,1487,88,481,206670
2012-04-28,76,1486,63,457,203861
2012-04-29,74,1302,44,423,204279
2012-04-30,85,1505,62,591,223723
2012-05-01,111,1703,62,525,216601
2012-05-02,106,1789,68,511,241508
2012-05-03,80,1549,65,507,229476
2012-05-04,101,1842,65,493,215790
2012-05-05,95,1334,60,433,187291
2012-05-06,76,1248,43,463,196898
2012-05-07,105,1699,64,515,236202
2012-05-08,108,1699,80,512,213805
2012-05-09,240,1962,75,540,245842
2012-05-10,328,2288,70,507,266384
2012-05-11,208,2118,80,644,281466
2012-05-12,117,1697,57,534,231767
2012-05-13,100,1651,40,1141,251145
2012-05-14,121,1967,67,887,257726
2012-05-15,107,1859,65,619,250475
2012-05-16,134,1996,59,545,231495
2012-05-17,122,2045,69,536,233334
2012-05-18,127,1835,62,487,227002
2012-05-19,73,1297,61,458,269465
2012-05-20,102,1667,47,502,216236
2012-05-21,116,1970,71,539,228136
2012-05-22,138,2181,78,562,245962
2012-05-23,144,2284,87,568,255963
2012-05-24,94,2444,74,667,262637
2012-05-25,91,2240,71,539,306960
2012-05-26,91,1510,61,1052,331750
2012-05-27,79,1524,42,540,226214
2012-05-28,88,1812,74,564,233377
2012-05-29,103,1901,83,594,248731
2012-05-30,102,2398,69,566,244549
2012-05-31,85,2016,49,561,234302
2012-06-01,133,2158,65,510,253617
2012-06-02,138,1602,43,437,222505
2012-06-03,161,1743,59,481,216749
2012-06-04,205,2160,91,582,241123
2012-06-05,125,2198,70,542,255310
2012-06-06,166,2011,76,533,241884
2012-06-07,189,2382,75,565,246380
2012-06-08,149,2234,68,536,263591
2012-06-09,135,1913,80,484,242189
2012-06-10,153,1940,62,539,305957
2012-06-11,144,2203,74,595,278135
2012-06-12,146,2293,88,625,296784
2012-06-13,103,2585,70,582,309962
2012-06-14,147,2616,85,572,362172
2012-06-15,145,2494,65,605,330057
2012-06-16,163,2304,76,615,282235
2012-06-17,103,1901,36,550,282412
2012-06-18,129,2596,70,639,313418
2012-06-19,142,2857,74,634,319919
2012-06-20,135,2584,73,638,323518
2012-06-21,128,2444,90,583,313813
2012-06-22,143,2137,88,548,296995
2012-06-23,144,2130,55,620,316844
2012-06-24,112,2424,55,578,316895
2012-06-25,167,2593,74,642,303037
2012-06-26,121,2279,64,623,311595
2012-06-27,138,2510,76,618,361954
2012-06-28,108,1890,55,622,277562
2012-06-29,115,2038,64,548,315154
2012-06-30,97,1826,59,511,277838
2012-07-01,76,1646,52,541,257878
2012-07-02,112,2118,80,636,298551
2012-07-03,134,2450,90,623,305144
2012-07-04,104,2292,60,591,297515
2012-07-05,88,2369,86,610,301838
2012-07-06,99,2100,49,551,295960
2012-07-07,107,1826,79,546,276467
2012-07-08,91,2076,46,638,273503
2012-07-09,90,2143,57,624,311487
2012-07-10,136,2473,65,655,333705
2012-07-11,111,1984,82,690,329821
2012-07-12,151,2198,84,633,298616
2012-07-13,124,2625,65,1288,347776
2012-07-14,110,2189,73,641,302672
2012-07-15,85,1705,60,607,270999
2012-07-16,112,2184,61,733,320447
2012-07-17,106,2038,50,709,293309
2012-07-18,138,2350,74,739,332552
2012-07-19,114,2219,87,705,275885
2012-07-20,109,1961,50,618,368670
2012-07-21,95,1919,74,597,336091
2012-07-22,75,1484,57,677,304422
2012-07-23,107,2241,53,723,321969
2012-07-24,118,2531,67,694,307772
2012-07-25,116,2382,81,740,319124
2012-07-26,155,2867,83,711,344734
2012-07-27,142,2248,78,649,313570
2012-07-28,104,2188,61,634,296558
2012-07-29,154,2310,61,669,350445
2012-07-30,129,2393,70,727,354642
2012-07-31,116,2807,74,808,379559
2012-08-01,142,2753,80,696,332428
2012-08-02,144,2822,71,780,350169
2012-08-03,163,2326,82,651,330513
2012-08-04,98,1632,61,539,293521
2012-08-05,93,1945,52,666,297651
2012-08-06,108,2081,54,692,341615
2012-08-07,141,2287,89,705,326629
2012-08-08,146,2358,89,669,330873
2012-08-09,179,2586,84,824,338033
2012-08-10,123,1957,43,656,339981
2012-08-11,116,1796,55,602,281937
2012-08-12,129,1847,65,684,299333
2012-08-13,151,2216,83,1426,465162
2012-08-14,125,2623,83,758,344173
2012-08-15,118,2436,70,800,324377
2012-08-16,150,2565,83,801,353824
2012-08-17,194,3696,105,1238,454042
2012-08-18,146,2450,73,725,383418
2012-08-19,172,3154,97,1027,455952
2012-08-20,154,3280,79,985,455723
2012-08-21,169,3643,80,969,443258
2012-08-22,161,3166,106,981,447082
2012-08-23,168,3132,101,874,417077
2012-08-24,181,2954,71,839,411399
2012-08-25,126,2175,63,712,376891
2012-08-26,128,2345,66,761,389828
2012-08-27,154,3098,88,915,419687
2012-08-28,145,2813,82,823,393016
2012-08-29,177,3490,90,900,447083
2012-08-30,162,3152,74,926,483108
2012-08-31,142,3012,76,808,401503
2012-09-01,101,2278,51,713,345838
2012-09-02,117,2246,57,733,334445
2012-09-03,128,2472,70,929,318336
2012-09-04,113,2587,75,904,355429
2012-09-05,131,2762,83,1306,400768
2012-09-06,162,2837,81,932,412086
2012-09-07,158,2984,69,871,394695
2012-09-08,138,2955,73,774,384035
2012-09-09,171,3652,67,956,422893
2012-09-10,164,3702,132,931,426412
2012-09-11,187,3784,93,921,424176
2012-09-12,127,2984,92,849,384900
2012-09-13,132,2902,102,825,361932
2012-09-14,160,2783,82,827,379404
2012-09-15,134,2330,77,704,332503
2012-09-16,157,2557,70,743,346798
2012-09-17,118,2672,82,821,373007
2012-09-18,164,2922,99,825,448913
2012-09-19,183,3028,95,902,398183
2012-09-20,137,2759,69,956,392438
2012-09-21,143,2806,77,901,402551
2012-09-22,120,2222,92,831,417017
2012-09-23,118,2053,47,869,351828
2012-09-24,142,2661,67,1062,368827
2012-09-25,147,3127,83,991,404710
2012-09-26,127,2774,75,1025,407890
2012-09-27,177,3120,80,985,384323
2012-09-28,161,2900,86,830,359241
2012-09-29,137,2518,65,704,309204
2012-09-30,111,2295,54,723,322257
2012-10-01,158,3034,80,816,375876
2012-10-02,152,2887,68,836,372245
2012-10-03,151,2780,78,810,374321
2012-10-04,125,2895,79,850,370634
2012-10-05,117,2467,100,733,349881
2012-10-06,131,2929,66,737,385393
2012-10-07,135,3044,63,856,481631
2012-10-08,123,3054,78,863,442903
2012-10-09,130,3035,102,878,390253
2012-10-10,149,2812,99,829,390282
2012-10-11,127,2594,135,819,359386
2012-10-12,135,2348,143,723,286088
2012-10-13,109,1949,103,697,309186
2012-10-14,102,2069,72,738,335780
2012-10-15,128,2128,169,751,387303
2012-10-16,135,2599,156,758,347275
2012-10-17,136,2480,145,751,377839
2012-10-18,104,2365,110,774,326930
2012-10-19,152,2471,124,759,348392
2012-10-20,105,2147,107,670,316258
2012-10-21,112,2012,111,712,317300
2012-10-22,121,2395,136,776,351331
2012-10-23,135,2482,118,817,351348
2012-10-24,114,2351,98,769,355797
2012-10-25,125,2229,115,760,356270
2012-10-26,115,2293,101,785,347726
2012-10-27,111,1892,87,693,374981
2012-10-28,93,1749,56,782,321352
2012-10-29,128,1972,111,719,322413
2012-10-30,98,2051,103,742,336889
2012-10-31,98,1776,87,698,296419
2012-11-01,123,2017,95,764,285422
2012-11-02,118,2055,107,710,277607
2012-11-03,89,1606,86,682,256824
2012-11-04,82,1362,67,667,273182
2012-11-05,106,1801,122,809,306493
2012-11-06,105,2213,107,741,280993
2012-11-07,111,2141,95,778,279182
2012-11-08,107,2009,112,725,314980
2012-11-09,124,1940,96,729,276852
2012-11-10,89,1493,70,638,308699
2012-11-11,66,1433,60,684,328585
2012-11-12,92,1818,87,776,302636
2012-11-13,117,1890,90,705,350613
2012-11-14,96,1968,84,683,286907
2012-11-15,137,1988,71,690,302162
2012-11-16,151,2423,91,766,340561
2012-11-17,97,1863,88,698,364738
2012-11-18,128,1959,81,720,364863
2012-11-19,130,2277,98,785,313583
2012-11-20,139,2295,96,754,335037
2012-11-21,113,2011,85,778,326453
2012-11-22,77,1706,94,703,326322
2012-11-23,92,1641,110,717,397612
2012-11-24,92,1599,85,713,293123
2012-11-25,115,1791,72,779,304217
2012-11-26,110,2263,88,829,370655
2012-11-27,136,2564,95,915,370914
2012-11-28,148,3327,109,1111,397619
2012-11-29,120,2385,71,884,376584
2012-11-30,124,2600,96,795,375378
2012-12-01,77,1704,81,806,310842
2012-12-02,88,1933,62,832,330680
2012-12-03,113,2080,98,828,330420
2012-12-04,101,2435,89,878,353692
2012-12-05,140,2411,111,891,318578
2012-12-06,139,2393,106,1209,349917
2012-12-07,130,2278,83,1078,348050
2012-12-08,98,1764,66,767,284527
2012-12-09,101,1782,80,836,313302
2012-12-10,112,2148,106,827,334969
2012-12-11,119,2398,108,921,338179
2012-12-12,146,2470,97,860,308823
2012-12-13,154,2399,123,787,338710
2012-12-14,125,2060,118,728,335846
2012-12-15,93,1862,76,672,279194
2012-12-16,85,1576,81,699,265294
2012-12-17,109,2033,101,780,290833
2012-12-18,127,2086,101,723,300635
2012-12-19,143,2241,99,732,294705
2012-12-20,105,2171,85,677,310927
2012-12-21,117,1814,86,665,308070
2012-12-22,90,1572,72,584,300906
2012-12-23,79,1454,59,617,235803
2012-12-24,74,1310,72,531,247611
2012-12-25,78,1086,65,544,243597
2012-12-26,102,1428,90,642,265144
2012-12-27,96,1481,106,676,312874
2012-12-28,102,1392,92,647,336074
2012-12-29,88,1347,83,629,366408
2012-12-30,89,1444,83,607,361209
2012-12-31,82,1440,87,621,399512
2013-01-01,90,1240,55,625,329697
2013-01-02,105,1750,92,709,399059
2013-01-03,122,1901,95,786,343843
2013-01-04,127,1848,94,711,338435
2013-01-05,127,1738,84,681,291095
2013-01-06,116,1828,91,988,342091
2013-01-07,105,1767,88,821,356112
2013-01-08,115,2214,89,832,345407
2013-01-09,149,2197,110,898,338080
2013-01-10,119,2116,106,963,413148
2013-01-11,105,1655,109,1828,480825
2013-01-12,107,1801,68,972,322945
2013-01-13,106,1947,75,763,319238
2013-01-14,130,2219,94,842,370756
2013-01-15,114,1978,120,827,434765
2013-01-16,142,2234,111,853,357567
2013-01-17,146,2471,102,928,369513
2013-01-18,108,2029,112,768,332840
2013-01-19,118,1727,76,738,300865
2013-01-20,122,2025,72,851,313015
2013-01-21,136,2167,128,893,334631
2013-01-22,140,2770,119,931,364082
2013-01-23,136,2454,154,945,412879
2013-01-24,166,2854,130,1022,381765
2013-01-25,148,2567,103,869,455770
2013-01-26,122,2080,98,795,358437
2013-01-27,185,2146,98,858,338486
2013-01-28,147,2385,116,994,377970
2013-01-29,158,2644,122,1073,431430
2013-01-30,145,2478,123,1187,423326
2013-01-31,166,2933,150,1089,414578
2013-02-01,152,2229,95,957,386855
2013-02-02,143,428,126,1037,70794
2013-02-03,143,2202,81,1000,25544
2013-02-04,141,2285,111,965,451633
2013-02-05,148,2586,106,976,388719
2013-02-06,117,2242,128,953,404765
2013-02-07,155,2295,112,910,340334
2013-02-08,116,2180,102,838,1049540
2013-02-09,137,2139,84,852,338939
2013-02-10,143,2339,90,948,396181
2013-02-11,185,2433,129,949,411851
2013-02-12,179,2784,108,1393,414155
2013-02-13,157,2641,114,1054,471813
2013-02-14,184,3214,138,1176,504225
2013-02-15,168,2963,117,1022,561757
2013-02-16,107,1538,86,1252,401989
2013-02-17,139,1954,124,1100,452211
2013-02-18,154,2719,167,1177,454261
2013-02-19,176,3157,152,1332,465468
2013-02-20,172,3035,164,1210,468432
2013-02-21,170,3525,170,1097,452440
2013-02-22,202,3693,193,1112,497399
2013-02-23,185,2788,134,1023,465202
2013-02-24,167,2652,109,1051,468446
2013-02-25,173,2610,125,1080,466839
2013-02-26,173,3295,150,1076,458934
2013-02-27,193,2881,177,1092,531219
2013-02-28,233,4005,140,1489,648918
2013-03-01,252,3585,165,1159,589120
2013-03-02,187,3403,153,1072,474138
2013-03-03,216,3171,140,1051,460362
2013-03-04,206,3410,208,1306,524707
2013-03-05,286,4796,212,1369,640867
2013-03-06,326,5147,245,1613,710310
2013-03-07,310,5001,199,1532,640318
2013-03-08,262,3902,172,1770,620704
2013-03-09,222,3435,158,1317,573024
2013-03-10,222,3652,166,1349,618864
2013-03-11,279,3813,200,1444,665971
2013-03-12,333,5105,218,2397,793468
2013-03-13,301,4042,206,1545,675828
2013-03-14,269,3901,191,1733,705170
2013-03-15,223,3484,154,1320,550266
2013-03-16,191,2951,141,1241,557911
2013-03-17,212,3428,171,1453,677809
2013-03-18,244,3696,177,1542,609414
2013-03-19,343,5059,266,1831,746396
2013-03-20,397,5449,281,1969,796344
2013-03-21,388,5525,322,2180,903428
2013-03-22,357,5382,280,1991,787543
2013-03-23,317,4519,283,1899,699525
2013-03-24,355,4701,249,1972,738524
2013-03-25,431,6368,321,2399,941483
2013-03-26,401,6486,309,2185,938469
2013-03-27,475,6801,401,2357,910690
2013-03-28,500,6754,369,4824,1020431
2013-03-29,418,5706,368,2904,894035
2013-03-30,361,4991,342,2412,793184
2013-03-31,330,4730,291,2326,901235
2013-04-01,502,6615,453,3446,1098120
2013-04-02,541,7568,505,3812,1134881
2013-04-03,797,9850,702,4856,1462618
2013-04-04,669,8600,610,3878,1260639
2013-04-05,625,8216,602,3784,1443686
2013-04-06,574,6979,496,3147,1241464
2013-04-07,566,7286,527,3406,1323168
2013-04-08,727,9668,713,4526,1684994
2013-04-09,850,11262,809,5690,2024314
2013-04-10,818,10374,759,7150,1917739
2013-04-11,953,12412,924,0,1917327
2013-04-12,879,13054,913,0,1793921
2013-04-13,612,9002,692,0,1354569
2013-04-14,460,6959,541,0,1132594
2013-04-15,638,8937,659,0,1268690
2013-04-16,647,10173,645,0,1386568
2013-04-17,655,10579,638,0,1489236
2013-04-18,637,10215,628,0,1396203
2013-04-19,683,10232,523,0,1235655
2013-04-20,516,8352,511,0,1223875
2013-04-21,573,8535,448,0,1316661
2013-04-22,586,8922,521,0,1198396
2013-04-23,622,9638,617,0,1311795
2013-04-24,716,10630,671,0,1493247
2013-04-25,645,10155,574,0,1421707
2013-04-26,608,9300,535,0,1231475
2013-04-27,471,7277,634,0,989393
2013-04-28,490,7890,583,0,1231247
2013-04-29,518,9810,869,0,1393731
2013-04-30,563,9372,410,0,1225848
2013-05-01,627,9821,372,0,1249497
2013-05-02,723,11093,803,0,1449288
2013-05-03,579,9358,482,0,1096722
2013-05-04,588,10494,842,0,1653362
2013-05-05,705,10928,556,0,1462779
2013-05-06,668,12768,585,0,1921649
2013-05-07,696,11368,755,0,1383382
2013-05-08,738,13842,868,0,1407818
2013-05-09,700,13218,1270,0,1379946
2013-05-10,698,11623,657,0,1253850
2013-05-11,687,11522,412,0,1245777
2013-05-12,537,10172,364,0,1259744
2013-05-13,623,10737,371,0,1338216
2013-05-14,772,13290,358,0,1386192
2013-05-15,680,11897,936,0,1419333
2013-05-16,727,12676,459,0,1456738
2013-05-17,694,11379,351,0,1732455
2013-05-18,612,9375,326,0,2210792
2013-05-19,626,9450,314,0,1514366
2013-05-20,612,11860,407,0,3159034
2013-05-21,690,11844,431,0,2861620
2013-05-22,618,11532,418,0,2941573
2013-05-23,628,10428,348,0,2531014
2013-05-24,599,10781,347,0,3550640
2013-05-25,556,9338,311,0,579302
2013-05-26,475,8785,287,0,2521271
2013-05-27,606,11025,366,0,2323072
2013-05-28,536,10267,449,0,1455971
2013-05-29,618,11977,339,0,1363932
2013-05-30,622,11236,360,0,1321988
2013-05-31,502,10651,368,0,1311160
2013-06-01,451,9599,373,0,4965114
2013-06-02,519,9166,440,0,2623310
2013-06-03,535,9687,417,0,1371097
2013-06-04,535,10457,359,0,1317999
2013-06-05,572,10763,325,0,1298036
2013-06-06,577,11438,358,0,1181181
2013-06-07,562,10932,309,0,1337002
2013-06-08,434,8748,295,0,1205319
2013-06-09,505,9786,411,0,1375183
2013-06-10,473,9808,361,0,1470030
2013-06-11,479,10112,296,0,2586288
2013-06-12,455,11652,311,0,1871695
2013-06-13,465,12030,246,0,8103452
2013-06-14,471,9856,327,0,6973378
2013-06-15,437,7992,255,0,2636807
2013-06-16,450,8271,204,0,3273036
2013-06-17,476,9298,274,0,1454371
2013-06-18,586,10455,313,0,1268668
2013-06-19,487,10553,342,0,1778033
2013-06-20,446,10739,256,0,3324853
2013-06-21,472,9226,320,0,1247043
2013-06-22,410,8056,228,0,2803144
2013-06-23,376,8141,280,0,1797173
2013-06-24,488,9389,395,0,1169548
2013-06-25,401,8861,294,0,1646186
2013-06-26,462,9876,281,0,1812972
2013-06-27,503,9272,281,0,1020346
2013-06-28,486,9151,311,0,1011272
2013-06-29,343,7200,242,0,1845060
2013-06-30,335,6793,269,0,1569503
2013-07-01,423,8758,246,0,2070042
2013-07-02,427,8936,329,0,1145993
2013-07-03,418,9243,256,0,2552201
2013-07-04,412,7717,286,0,1040565
2013-07-05,419,7857,249,0,1561935
2013-07-06,298,5882,204,0,1268492
2013-07-07,308,6747,215,0,1261645
2013-07-08,366,8395,268,0,1394241
2013-07-09,461,8427,242,0,1309376
2013-07-10,404,8202,227,0,1622424
2013-07-11,408,7491,259,0,1077140
2013-07-12,424,8371,212,0,1255459
2013-07-13,291,6330,231,0,906183
2013-07-14,292,6237,166,0,1295527
2013-07-15,368,7149,219,0,1030741
2013-07-16,324,6570,221,0,1046844
2013-07-17,316,6919,232,0,1011851
2013-07-18,362,7112,237,0,1095079
2013-07-19,276,6567,206,0,1010613
2013-07-20,284,5282,182,0,912471
2013-07-21,293,5848,149,0,1032833
2013-07-22,365,6988,415,0,2127842
2013-07-23,372,7820,336,0,1215640
2013-07-24,306,6705,213,0,2783996
2013-07-25,391,6943,284,0,3847291
2013-07-26,309,6304,225,0,4136470
2013-07-27,269,5135,200,0,3103382
2013-07-28,279,5771,188,0,4967286
2013-07-29,269,6424,261,0,5397769
2013-07-30,352,6345,264,0,6426467
2013-07-31,328,7916,191,0,3703949
2013-08-01,355,6770,522,0,4472294
2013-08-02,292,6523,178,0,3574782
2013-08-03,231,5182,171,0,2736737
2013-08-04,249,5158,147,0,3039425
2013-08-05,320,6579,196,0,2781539
2013-08-06,341,6481,183,0,928866
2013-08-07,328,6901,235,0,1123629
2013-08-08,318,7090,165,0,1142025
2013-08-09,311,7482,160,0,1042833
2013-08-10,310,5591,141,0,1986357
2013-08-11,302,6257,170,0,868715
2013-08-12,378,7121,246,0,1085135
2013-08-13,335,7145,193,0,1065861
2013-08-14,374,7457,193,0,1137860
2013-08-15,358,6608,170,0,1017533
2013-08-16,313,6187,161,0,1027850
2013-08-17,263,5829,159,0,940605
2013-08-18,300,5833,166,0,1238025
2013-08-19,360,7306,178,0,1040050
2013-08-20,378,8046,209,0,1146380
2013-08-21,311,7256,207,0,1133323
2013-08-22,344,6539,218,0,1020594
2013-08-23,274,6179,190,0,990922
2013-08-24,245,5876,144,0,953429
2013-08-25,283,6326,141,0,890088
2013-08-26,328,6782,197,0,1077876
2013-08-27,334,7189,204,0,1160056
2013-08-28,377,8974,197,0,1143897
2013-08-29,342,7895,204,0,1139663
2013-08-30,333,7101,177,0,1047023
2013-08-31,332,6702,230,0,1026270
2013-09-01,302,7061,170,0,1008813
2013-09-02,344,8074,197,0,1071942
2013-09-03,370,7535,212,0,1079268
2013-09-04,403,8109,223,0,1139973
2013-09-05,326,7509,167,0,1024930
2013-09-06,287,6533,144,0,910358
2013-09-07,285,5954,140,0,952746
2013-09-08,320,6111,151,0,971480
2013-09-09,353,7728,179,0,1068641
2013-09-10,392,7733,212,0,1071024
2013-09-11,343,7049,172,0,1089415
2013-09-12,338,7971,188,0,1129118
2013-09-13,343,7178,155,0,1089467
2013-09-14,302,7374,129,0,1092711
2013-09-15,337,6687,140,0,1046788
2013-09-16,335,7060,159,0,1166741
2013-09-17,349,8016,192,0,1172150
2013-09-18,376,7961,208,0,1747415
2013-09-19,332,7406,188,0,3929536
2013-09-20,299,7818,162,0,4227978
2013-09-21,242,5291,129,0,3331700
2013-09-22,321,6387,134,0,1098194
2013-09-23,315,7663,203,0,4527310
2013-09-24,350,7163,192,0,4660015
2013-09-25,348,7473,188,0,3110148
2013-09-26,288,7746,168,0,3384183
2013-09-27,349,7636,149,0,3776576
2013-09-28,252,6329,189,0,4939619
2013-09-29,266,7222,157,0,2490424
2013-09-30,260,8182,159,0,3290698
2013-10-01,303,7720,155,0,3583634
2013-10-02,322,8301,169,0,3847653
2013-10-03,12,177,5,0,39815
2013-10-04,0,0,0,0,121
2013-10-05,0,0,0,0,43
2013-10-06,0,0,0,0,24
2013-10-07,371,6751,223,0,1178782
2013-10-08,385,6755,207,0,1154072
2013-10-09,365,6827,140,0,1076557
2013-10-10,276,6420,50,0,1093957
2013-10-11,268,6224,0,0,1101451
2013-10-12,217,5002,0,0,1242462
2013-10-13,231,5354,0,0,1132490
2013-10-14,261,6220,0,0,1100152
2013-10-15,254,6499,0,0,1110006
2013-10-16,315,6973,0,0,1167955
2013-10-17,262,6346,0,0,1023381
2013-10-18,271,6522,0,0,1053805
2013-10-19,285,5526,0,0,1157753
2013-10-20,288,5697,0,0,1078248
2013-10-21,289,6491,0,0,1152386
2013-10-22,325,7608,0,0,1167277
2013-10-23,345,7428,0,0,1181540
2013-10-24,342,7638,0,0,1141876
2013-10-25,319,6731,0,0,1099866
2013-10-26,307,5298,252,0,991575
2013-10-27,326,6157,302,0,1030908
2013-10-28,347,6724,351,0,1035129
2013-10-29,385,7698,296,0,1087419
2013-10-30,359,7525,377,0,1200783
2013-10-31,424,7394,400,0,1181277
2013-11-01,354,6866,352,0,1111032
2013-11-02,368,6691,299,0,1120636
2013-11-03,387,7822,322,0,1104089
2013-11-04,448,8873,332,0,1175939
2013-11-05,514,10081,365,0,1429931
2013-11-06,542,9838,350,0,1467602
2013-11-07,583,11026,438,0,1553986
2013-11-08,558,11043,470,0,1519765
2013-11-09,508,9494,373,0,1454358
2013-11-10,566,8730,354,0,1514397
2013-11-11,573,9712,430,0,1659610
2013-11-12,579,10398,421,0,1618410
2013-11-13,521,10829,465,0,1572883
2013-11-14,550,11089,452,0,1464609
2013-11-15,523,11053,419,0,1396072
2013-11-16,523,9982,426,0,1338083
2013-11-17,625,10406,458,0,1499722
2013-11-18,886,13809,743,0,1917847
2013-11-19,895,14102,904,0,2102280
2013-11-20,721,12101,836,0,1798947
2013-11-21,714,11762,838,0,1738249
2013-11-22,685,11138,898,0,1823528
2013-11-23,637,10833,803,0,1762893
2013-11-24,635,10997,806,0,1838461
2013-11-25,706,12101,923,0,2227642
2013-11-26,880,14583,967,0,2269543
2013-11-27,977,15358,1121,0,2327410
2013-11-28,1074,14842,1276,0,2469477
2013-11-29,850,13922,1425,0,2368364
2013-11-30,869,13622,1417,0,2236750
2013-12-01,414,6645,625,0,1171140
2013-12-02,537,6605,763,0,1687511
2013-12-03,843,13545,1377,0,2230436
2013-12-04,969,14324,1427,0,2221274
2013-12-05,933,15034,1267,0,2266820
2013-12-06,926,14475,1167,0,2213965
2013-12-07,743,13443,929,0,2064963
2013-12-08,747,12461,993,0,1947577
2013-12-09,872,14300,1090,0,2220521
2013-12-10,851,14868,1140,0,2284637
2013-12-11,945,14910,1189,0,2249039
2013-12-12,859,13436,944,0,1903216
2013-12-13,815,14139,969,0,2036975
2013-12-14,742,13419,897,0,1893370
2013-12-15,723,14516,1105,0,2066348
2013-12-16,853,16566,1122,0,2468573
2013-12-17,867,15705,1102,0,2285527
2013-12-18,889,16495,1044,0,2358427
2013-12-19,851,16398,1092,0,2221971
2013-12-20,851,15420,1372,0,2158496
2013-12-21,714,13361,1054,0,2116057
2013-12-22,720,13762,904,0,2131972
2013-12-23,909,16205,947,0,2246730
2013-12-24,792,17132,1159,0,2151847
2013-12-25,684,14309,862,0,1956536
2013-12-26,753,16522,908,0,2011519
2013-12-27,855,17046,1038,0,2092880
2013-12-28,794,16764,775,0,2073056
2013-12-29,853,16754,855,0,1989801
2013-12-30,894,17697,936,0,2225476
2013-12-31,911,17374,723,0,2185733
2014-01-01,764,15875,689,0,2064958
2014-01-02,954,17462,740,0,2268577
2014-01-03,887,17592,750,0,2286508
2014-01-04,887,19235,783,0,2397678
2014-01-05,904,18819,754,0,2302965
2014-01-06,1015,19836,971,0,2565321
2014-01-07,1004,21737,1011,0,2623571
2014-01-08,1048,22058,1252,0,2729023
2014-01-09,992,20381,830,0,2519274
2014-01-10,983,20133,824,0,2395048
2014-01-11,799,17883,805,0,2133515
2014-01-12,823,18597,851,0,2190949
2014-01-13,872,20222,809,0,2285138
2014-01-14,1000,20448,815,0,2262013
2014-01-15,872,19622,708,0,2272462
2014-01-16,930,19137,745,0,2155186
2014-01-17,809,17995,793,0,1997975
2014-01-18,725,17081,604,0,1935648
2014-01-19,753,19605,811,0,2128649
2014-01-20,891,21438,819,0,2497750
2014-01-21,877,22433,894,0,2399755
2014-01-22,833,21873,965,0,2360740
2014-01-23,846,21250,1001,0,2256007
2014-01-24,845,22756,952,0,2154200
2014-01-25,719,20712,858,0,2158734
2014-01-26,760,23905,989,0,2321350
2014-01-27,969,23458,1119,0,2525790
2014-01-28,831,20872,1045,0,2330618
2014-01-29,920,20777,850,0,2357549
2014-01-30,820,19462,817,0,2277008
2014-01-31,738,17459,771,0,2224154
2014-02-01,695,18161,842,0,2183337
2014-02-02,696,18946,1139,0,2239220
2014-02-03,731,18457,1051,0,2286027
2014-02-04,815,20004,1104,0,2423072
2014-02-05,751,21286,1256,0,2619980
2014-02-06,750,22066,1830,0,2699860
2014-02-07,886,22824,1918,0,2315742
2014-02-08,731,18665,1594,0,2493234
2014-02-09,755,18839,829,0,2471429
2014-02-10,912,22224,778,0,2742346
2014-02-11,942,22453,885,0,2702506
2014-02-12,946,20416,794,0,2481294
2014-02-13,812,19893,707,0,2423031
2014-02-14,927,20602,750,0,2588043
2014-02-15,788,16758,789,0,2321502
2014-02-16,837,20286,825,0,2447884
2014-02-17,785,20500,774,0,2434849
2014-02-18,792,18435,764,0,2285248
2014-02-19,813,20246,812,0,2349780
2014-02-20,883,23225,742,0,2598045
2014-02-21,824,19982,680,0,2466900
2014-02-22,666,17555,545,0,2202127
2014-02-23,667,18037,555,0,2211819
2014-02-24,836,22353,644,0,2581903
2014-02-25,1144,25623,851,0,2963220
2014-02-26,902,21404,710,0,2748191
2014-02-27,772,20582,655,0,4096997
2014-02-28,823,20202,625,0,4239696
2014-03-01,765,18332,627,0,4121877
2014-03-02,645,17950,545,0,3456173
2014-03-03,821,20142,651,0,2888642
2014-03-04,864,22716,671,0,2899205
2014-03-05,788,20805,755,0,2739055
2014-03-06,874,21720,1937,0,2809280
2014-03-07,760,20360,2239,0,2797117
2014-03-08,596,17405,4543,0,2635301
2014-03-09,589,17377,5314,0,2621844
2014-03-10,739,18932,10104,0,2762320
2014-03-11,805,18198,717,0,2760037
2014-03-12,719,17354,741,0,2696068
2014-03-13,711,17490,664,0,2641381
2014-03-14,681,18064,593,0,2471530
2014-03-15,615,16620,859,0,2363342
2014-03-16,594,16824,1211,0,2366247
2014-03-17,648,17879,1395,0,2583322
2014-03-18,613,19235,1657,0,2559324
2014-03-19,668,19934,2530,0,2685111
2014-03-20,638,18969,675,0,2696426
2014-03-21,701,18459,861,0,2697228
2014-03-22,518,16760,881,0,2370727
2014-03-23,607,16715,561,0,2330852
2014-03-24,581,18009,563,0,2482751
2014-03-25,715,19255,684,0,2530982
2014-03-26,735,19985,740,0,2644923
2014-03-27,674,18331,609,0,2942512
2014-03-28,625,18815,698,0,4659259
2014-03-29,542,16061,786,0,3905542
2014-03-30,522,17694,520,0,5819969
2014-03-31,575,17088,469,0,5617596
2014-04-01,562,15618,377,0,6490021
2014-04-02,619,18044,509,0,8045132
2014-04-03,639,17408,488,0,5523958
2014-04-04,552,15801,499,0,4545662
2014-04-05,427,13270,525,0,3998953
2014-04-06,397,12743,475,0,9726291
2014-04-07,503,14909,369,0,8895860
2014-04-08,615,15576,387,0,5093394
2014-04-09,539,15004,509,0,5121348
2014-04-10,594,16102,1763,0,3034691
2014-04-11,516,14803,975,0,5223796
2014-04-12,471,12363,1304,0,5384310
2014-04-13,432,13882,635,0,4668825
2014-04-14,507,16519,430,0,3135522
2014-04-15,529,17502,472,0,2200138
2014-04-16,550,17705,474,0,2205658
2014-04-17,577,16678,464,0,2211173
2014-04-18,484,14592,442,0,2068537
2014-04-19,423,13630,500,0,2018290
2014-04-20,388,13353,705,0,1872170
2014-04-21,503,14457,508,0,2335489
2014-04-22,570,16622,445,0,2567638
2014-04-23,504,16688,510,0,2859530
2014-04-24,556,18295,649,0,5065432
2014-04-25,497,17511,613,0,2028561
2014-04-26,480,14578,854,0,1972971
2014-04-27,411,16367,488,0,1991706
2014-04-28,515,17303,677,0,2207717
2014-04-29,524,17577,499,0,2361092
2014-04-30,566,18210,403,0,2425788
2014-05-01,522,17442,413,0,3723140
2014-05-02,475,15203,382,0,4441359
2014-05-03,461,16100,413,0,4449297
2014-05-04,459,15172,480,0,4310344
2014-05-05,507,16744,410,0,4243050
2014-05-06,516,18929,555,0,4222919
2014-05-07,526,19346,600,0,4479075
2014-05-08,530,20037,542,0,3754650
2014-05-09,530,19780,460,0,3657119
2014-05-10,454,19104,656,0,2403183
2014-05-11,448,17137,614,0,2206535
2014-05-12,526,18720,472,0,2441325
2014-05-13,533,18098,515,0,2234503
2014-05-14,526,18760,524,0,3242946
2014-05-15,526,19749,433,0,3207764
2014-05-16,501,18656,449,0,2458830
2014-05-17,395,16817,459,0,2352642
2014-05-18,378,16327,318,0,2227531
2014-05-19,459,18892,414,0,2391331
2014-05-20,556,20164,513,0,3052131
2014-05-21,532,19823,412,0,2884837
2014-05-22,537,19716,389,0,2730229
2014-05-23,528,19776,404,0,2541227
2014-05-24,395,16346,328,0,2295419
2014-05-25,435,18762,283,0,2505502
2014-05-26,440,20838,456,0,2621445
2014-05-27,510,21691,446,0,2641195
2014-05-28,480,21714,440,0,2692631
2014-05-29,528,22144,532,0,2517810
2014-05-30,425,20686,534,0,2423150
2014-05-31,453,16688,418,0,2350094
2014-06-01,461,18692,310,0,2316856
2014-06-02,487,17774,357,0,2359253
2014-06-03,510,19513,459,0,2472359
2014-06-04,551,18518,377,0,2551986
2014-06-05,611,19632,383,0,2643766
2014-06-06,480,17226,392,0,2566095
2014-06-07,404,15109,360,0,2275346
2014-06-08,452,15938,424,0,2365899
2014-06-09,458,17671,373,0,2868935
2014-06-10,517,18942,378,0,3055011
2014-06-11,562,19551,390,0,2619142
2014-06-12,521,19778,432,0,2524993
2014-06-13,535,18675,315,0,2420320
2014-06-14,358,16293,349,0,2166266
2014-06-15,410,17835,417,0,2152582
2014-06-16,498,18609,446,0,2300546
2014-06-17,478,18642,443,0,2339999
2014-06-18,508,18279,583,0,2280329
2014-06-19,481,17727,486,0,2275091
2014-06-20,428,19400,316,0,2639192
2014-06-21,441,16558,338,0,2685576
2014-06-22,378,16190,278,0,2370208
2014-06-23,487,18475,394,0,2838473
2014-06-24,475,20554,568,0,2537971
2014-06-25,519,19808,370,0,2285680
2014-06-26,484,19035,435,0,2376173
2014-06-27,443,18624,389,0,2671684
2014-06-28,392,16720,300,0,2522492
2014-06-29,389,16962,344,0,2568575
2014-06-30,482,20558,546,0,2666677
2014-07-01,571,19346,541,0,2810141
2014-07-02,531,18625,623,0,2760602
2014-07-03,539,17874,413,0,2692233
2014-07-04,422,15684,319,0,2992352
2014-07-05,361,13720,322,0,2670701
2014-07-06,393,14420,291,0,2248794
2014-07-07,450,16939,352,0,2602960
2014-07-08,481,17908,429,0,2399610
2014-07-09,486,16117,377,0,2344195
2014-07-10,466,17932,378,0,2615235
2014-07-11,485,18718,351,0,2577383
2014-07-12,415,15337,272,0,2584123
2014-07-13,420,16246,300,0,2798116
2014-07-14,510,19181,369,0,2827923
2014-07-15,494,18404,368,0,2960384
2014-07-16,480,18060,373,0,2911032
2014-07-17,479,16808,362,0,2795359
2014-07-18,445,15493,353,0,3068404
2014-07-19,388,13447,287,0,3011554
2014-07-20,392,14135,306,0,3043563
2014-07-21,520,16600,329,0,3155419
2014-07-22,503,17081,363,0,2953917
2014-07-23,469,16489,326,0,2864894
2014-07-24,478,16770,363,0,3164957
2014-07-25,507,16608,430,0,3074605
2014-07-26,378,14670,285,0,3363726
2014-07-27,390,15114,272,0,2872830
2014-07-28,528,18810,344,0,3603402
2014-07-29,477,16547,338,0,3203065
2014-07-30,493,17569,361,0,2989519
2014-07-31,519,17162,322,0,3089066
2014-08-01,498,16273,385,0,2870091
2014-08-02,432,14302,381,0,2719394
2014-08-03,434,14381,321,0,2628633
2014-08-04,495,16306,458,0,2785731
2014-08-05,510,16406,401,0,2990709
2014-08-06,524,17507,400,0,2983545
2014-08-07,494,17398,386,0,2982220
2014-08-08,502,16729,346,0,2632719
2014-08-09,437,14121,328,0,2550935
2014-08-10,410,15719,367,0,2519091
2014-08-11,492,16882,443,0,2678002
2014-08-12,524,17950,409,0,2987089
2014-08-13,536,18588,407,0,2825046
2014-08-14,590,17222,377,0,2788957
2014-08-15,482,15988,329,0,2652702
2014-08-16,470,15759,307,0,2569677
2014-08-17,445,17503,357,0,2675581
2014-08-18,597,19458,401,0,2993603
2014-08-19,562,18155,397,0,2782072
2014-08-20,589,17398,376,0,2865911
2014-08-21,537,15554,356,0,2727383
2014-08-22,507,15787,374,0,2721943
2014-08-23,391,12756,303,0,2632971
2014-08-24,401,12907,358,0,2522148
2014-08-25,511,14504,389,0,2699352
2014-08-26,535,14676,345,0,2745896
2014-08-27,501,14670,451,0,2782145
2014-08-28,515,14540,380,0,2715384
2014-08-29,483,13707,329,0,2775616
2014-08-30,469,12311,287,0,2645988
2014-08-31,425,13680,295,0,2709701
2014-09-01,483,14372,378,0,2959665
2014-09-02,530,15266,342,0,3065842
2014-09-03,496,15467,345,0,2909338
2014-09-04,524,16788,397,0,2951857
2014-09-05,438,14685,360,0,2846572
2014-09-06,408,13545,392,0,2762138
2014-09-07,424,14002,314,0,2837282
2014-09-08,466,15702,331,0,2819527
2014-09-09,527,16124,380,0,3025343
2014-09-10,522,15587,387,0,2933618
2014-09-11,505,15160,367,0,2646312
2014-09-12,463,14043,330,0,2678100
2014-09-13,474,12336,289,0,2599053
2014-09-14,414,12428,415,0,2693093
2014-09-15,518,14435,405,0,2919729
2014-09-16,492,15326,351,0,2741237
2014-09-17,515,15103,338,0,2835568
2014-09-18,553,14780,357,0,2837273
2014-09-19,510,13242,316,0,2752811
2014-09-20,398,11672,303,0,2467658
2014-09-21,413,12008,310,0,2399570
2014-09-22,464,13577,335,0,2720462
2014-09-23,504,14739,345,0,2753498
2014-09-24,408,13253,315,0,2889682
2014-09-25,479,13440,333,0,2778230
2014-09-26,481,12988,296,0,2908378
2014-09-27,380,10874,251,0,2756352
2014-09-28,430,12182,261,0,2711253
2014-09-29,495,12977,317,0,2724651
2014-09-30,446,12801,298,0,2668088
2014-10-01,412,12297,279,0,2624352
2014-10-02,434,11938,290,0,2550312
2014-10-03,417,13051,247,0,2628948
2014-10-04,360,11652,214,0,2643771
2014-10-05,362,12216,205,0,2721349
2014-10-06,513,12746,239,0,2653474
2014-10-07,459,13239,269,0,2506957
2014-10-08,438,12184,330,0,2800337
2014-10-09,375,12148,274,0,2681033
2014-10-10,384,11287,264,0,2535791
2014-10-11,367,10530,270,0,2363984
2014-10-12,290,10470,269,0,2281247
2014-10-13,416,12020,353,0,2801670
2014-10-14,441,12657,297,0,2784731
2014-10-15,457,12680,310,0,2742358
2014-10-16,386,11778,304,0,2575725
2014-10-17,353,11094,299,0,2557459
2014-10-18,298,9899,226,0,2380520
2014-10-19,303,9390,218,0,2437441
2014-10-20,402,12167,268,0,2622811
2014-10-21,412,12981,272,0,2601509
2014-10-22,404,12323,286,0,2559302
2014-10-23,427,12306,245,0,2628982
2014-10-24,355,11298,250,0,2570243
2014-10-25,348,10144,244,0,2428407
2014-10-26,321,10180,272,0,2392826
2014-10-27,407,10834,277,0,2481529
2014-10-28,362,11602,253,0,2505263
2014-10-29,363,12719,261,0,2451564
2014-10-30,427,12529,277,0,2482598
2014-10-31,399,10941,270,0,2407046
2014-11-01,282,9025,204,0,2397657
2014-11-02,365,9733,220,0,2285560
2014-11-03,407,11061,307,0,2347334
2014-11-04,392,11306,315,0,2449546
2014-11-05,361,11061,314,0,2531796
2014-11-06,368,11122,278,0,2431160
2014-11-07,419,11046,266,0,2423946
2014-11-08,322,9809,258,0,2324853
2014-11-09,325,8964,208,0,2346153
2014-11-10,394,10250,257,0,2516782
2014-11-11,405,11393,308,0,2583443
2014-11-12,409,12017,283,0,2647633
2014-11-13,422,11457,282,0,2680114
2014-11-14,317,9512,248,0,2208948
2014-11-15,311,9184,253,0,2394406
2014-11-16,357,9010,244,0,2326203
2014-11-17,409,10758,272,0,2650438
2014-11-18,383,10839,326,0,2520251
2014-11-19,394,10271,310,0,2778441
2014-11-20,379,10543,228,0,2860559
2014-11-21,354,9656,254,0,2581797
2014-11-22,364,8770,221,0,2325532
2014-11-23,351,9247,224,0,2339391
2014-11-24,393,10366,261,0,2332668
2014-11-25,403,10906,296,0,2424911
2014-11-26,401,10371,344,0,2308243
2014-11-27,362,9834,273,0,2277898
2014-11-28,367,8778,266,0,2325830
2014-11-29,307,8570,245,0,2295690
2014-11-30,330,8848,231,0,2428695
2014-12-01,354,9560,253,0,2539198
2014-12-02,396,10092,318,0,2548543
2014-12-03,393,10297,239,0,2584329
2014-12-04,357,10253,299,0,2461104
2014-12-05,375,9937,229,0,2387036
2014-12-06,326,9250,244,0,2277087
2014-12-07,343,8946,240,0,2321059
2014-12-08,362,9980,275,0,2457738
2014-12-09,415,10347,267,0,2827472
2014-12-10,375,10367,289,0,2844470
2014-12-11,386,10490,303,0,2590312
2014-12-12,356,10727,295,0,2566945
2014-12-13,342,9420,297,0,2486038
2014-12-14,331,8947,258,0,2448072
2014-12-15,422,9875,285,0,2459908
2014-12-16,390,10199,286,0,2541964
2014-12-17,448,11248,307,0,2564133
2014-12-18,442,10509,376,0,2298768
2014-12-19,403,9884,272,0,2322997
2014-12-20,364,8233,277,0,2371135
2014-12-21,387,8503,300,0,2342117
2014-12-22,369,10031,285,0,2334361
2014-12-23,381,9903,271,0,2587668
2014-12-24,364,8451,231,0,2653540
2014-12-25,274,6912,192,0,2419969
2014-12-26,298,7688,229,0,2768401
2014-12-27,327,8198,235,0,2340394
2014-12-28,339,8350,222,0,2378424
2014-12-29,382,9538,297,0,2657642
2014-12-30,361,9460,301,0,2691813
2014-12-31,363,8922,219,0,2643614
2015-01-01,297,9080,207,0,2593190
2015-01-02,359,10490,286,0,2720551
2015-01-03,353,11439,331,0,2406906
2015-01-04,421,11733,259,0,2723954
2015-01-05,419,11827,294,0,2758409
2015-01-06,437,11979,279,0,2453940
2015-01-07,399,11183,273,0,2481575
2015-01-08,371,11081,292,0,2334845
2015-01-09,398,11608,258,0,2283513
2015-01-10,298,10820,292,0,2233034
2015-01-11,359,10573,331,0,2285669
2015-01-12,442,11915,459,0,2322419
2015-01-13,507,4197,419,0,725035
2015-01-14,504,13806,287,0,2604155
2015-01-15,457,11533,295,0,2209029
2015-01-16,397,11369,260,0,2034912
2015-01-17,376,9541,247,0,1800851
2015-01-18,334,9925,215,0,1716400
2015-01-19,380,10634,309,0,1911358
2015-01-20,482,11233,292,0,1997317
2015-01-21,438,9774,328,0,1792207
2015-01-22,0,0,0,0,6
2015-01-23,635,9703,1781,0,1578290
2015-01-24,313,7619,1423,0,1514065
2015-01-25,420,10796,1573,0,2022088
2015-01-26,498,12137,1687,0,2155157
2015-01-27,470,10786,1644,0,2020900
2015-01-28,382,11005,1645,0,1942642
2015-01-29,438,10680,1638,0,2004912
2015-01-30,429,9955,1737,0,2131537
2015-01-31,372,8911,1453,0,2315584
2015-02-01,265,6923,1062,0,1760066
2015-02-02,404,10018,1202,0,2340843
2015-02-03,394,10158,1281,0,2551758
2015-02-04,461,10056,1250,0,2563109
2015-02-05,470,10399,1275,0,2164243
2015-02-06,556,10088,1303,0,2073951
2015-02-07,404,9243,1182,0,2007542
2015-02-08,401,9188,1066,0,2004835
2015-02-09,396,10493,1138,0,2167497
2015-02-10,422,10887,1097,0,2127302
2015-02-11,428,10889,1022,0,2259595
2015-02-12,459,10593,1120,0,2200957
2015-02-13,470,11084,1172,0,2189069
2015-02-14,399,9169,1437,0,2295841
2015-02-15,420,10754,1476,0,2440137
2015-02-16,460,10656,1353,0,2490613
2015-02-17,459,11016,1237,0,2280582
2015-02-18,433,10814,1221,0,2448204
2015-02-19,401,11462,1164,0,2848506
2015-02-20,414,11277,1069,0,2942388
2015-02-21,360,10712,1031,0,2703191
2015-02-22,376,10543,1223,0,2603938
2015-02-23,404,10421,1382,0,2537260
2015-02-24,467,11505,1653,0,3517781
2015-02-25,493,11391,1498,0,3604139
2015-02-26,484,10940,1272,0,3399811
2015-02-27,380,11228,1135,0,3242357
2015-02-28,328,10115,1036,0,2911246
2015-03-01,359,9688,1202,0,2879465
2015-03-02,455,11085,1119,0,2796010
2015-03-03,424,12338,1128,0,2751189
2015-03-04,484,13324,1196,0,2891912
2015-03-05,511,12374,1457,0,2845452
2015-03-06,393,10776,1175,0,2794428
2015-03-07,445,10608,999,0,2768856
2015-03-08,408,10374,1016,0,2521534
2015-03-09,473,12124,1126,0,2668005
2015-03-10,532,12923,1097,0,2678607
2015-03-11,489,12399,1223,0,2696304
2015-03-12,477,12053,1227,0,2660383
2015-03-13,412,10426,1228,0,2815076
2015-03-14,401,9412,1131,0,2719606
2015-03-15,380,9777,1278,0,2652393
2015-03-16,472,10596,1260,0,2859381
2015-03-17,459,10546,1269,0,2854981
2015-03-18,475,11066,1176,0,2996520
2015-03-19,453,10011,1356,0,2917899
2015-03-20,375,9137,1237,0,3054168
2015-03-21,334,8756,1124,0,3032747
2015-03-22,356,9295,1940,0,2941468
2015-03-23,393,10930,1542,0,3171195
2015-03-24,436,10763,1091,0,3337013
2015-03-25,467,11235,1146,0,3326186
2015-03-26,406,9744,1166,0,3205628
2015-03-27,356,9722,1124,0,3006656
2015-03-28,352,8640,1240,0,3027017
2015-03-29,398,9474,1235,0,3035365
2015-03-30,404,10117,1324,0,3115231
2015-03-31,437,11036,1466,0,3358535
2015-04-01,449,11305,343,0,3118744
2015-04-02,311,7876,226,0,1630945
2015-04-03,391,10014,436,0,2256118
2015-04-04,346,8912,299,0,2076193
2015-04-05,361,9350,303,0,2091021
2015-04-06,408,10513,467,0,2077774
2015-04-07,522,10673,522,0,2156758
2015-04-08,465,11019,311,0,2223529
2015-04-09,431,11382,287,0,2186602
2015-04-10,456,11470,470,0,2202771
2015-04-11,390,10180,392,0,2207483
2015-04-12,365,10051,252,0,2181345
2015-04-13,437,10476,277,0,2075698
2015-04-14,377,10402,397,0,2105411
2015-04-15,439,10470,344,0,2180449
2015-04-16,360,10094,358,0,2377155
2015-04-17,397,10417,207,0,2449134
2015-04-18,350,8668,222,0,2431467
2015-04-19,327,8924,214,0,2584916
2015-04-20,374,9822,232,0,2816051
2015-04-21,427,9920,243,0,2975368
2015-04-22,400,10414,237,0,2306063
2015-04-23,402,9610,249,0,2751009
2015-04-24,390,9140,202,0,2392126
2015-04-25,336,9232,201,0,2231955
2015-04-26,352,9944,189,0,2223408
2015-04-27,365,10492,241,0,2242267
2015-04-28,534,11088,263,0,2407327
2015-04-29,396,10428,235,0,2269699
2015-04-30,463,9876,295,0,2457266
2015-05-01,375,9638,239,0,2599150
2015-05-02,366,9126,179,0,2547592
2015-05-03,359,8951,196,0,2490413
2015-05-04,458,10142,226,0,2426905
2015-05-05,393,10470,235,0,2507191
2015-05-06,401,9531,234,0,2487591
2015-05-07,358,9792,210,0,2625933
2015-05-08,364,9392,180,0,2481073
2015-05-09,363,8179,205,0,2360863
2015-05-10,454,7999,413,0,2420542
2015-05-11,376,8847,260,0,2525313
2015-05-12,366,9451,317,0,2450870
2015-05-13,414,9579,268,0,2453644
2015-05-14,351,9169,247,0,2325206
2015-05-15,423,9491,278,0,2436588
2015-05-16,332,8249,275,0,2210261
2015-05-17,375,8321,293,0,2268929
2015-05-18,453,10053,344,0,2467434
2015-05-19,454,10059,306,0,2480907
2015-05-20,448,10340,276,0,2373276
2015-05-21,405,9796,293,0,2767776
2015-05-22,5,137,4,0,65007
2015-05-24,1,1,0,0,1766
2015-05-25,336,5205,154,0,999817
2015-05-26,199,4235,204,0,1114478
2015-05-27,455,9097,451,0,2287688
2015-05-28,444,8837,299,0,2532439
2015-05-29,491,8357,452,0,2444016
2015-05-30,412,7797,223,0,1986286
2015-05-31,367,8086,364,0,1888165
2015-06-01,465,8624,326,0,2189972
2015-06-02,451,9220,414,0,2527185
2015-06-03,479,9254,640,0,2025778
2015-06-04,488,8865,373,0,2225636
2015-06-05,426,8736,304,0,2261340
2015-06-06,497,7590,246,0,2034951
2015-06-07,369,7844,234,0,2104467
2015-06-08,341,8253,273,0,2190582
2015-06-09,460,8677,319,0,2236671
2015-06-10,342,8845,332,0,2408036
2015-06-11,416,8721,269,0,2472898
2015-06-12,356,8317,249,0,3018894
2015-06-13,312,7324,280,0,2210870
2015-06-14,321,7587,307,0,3054989
2015-06-15,371,8651,292,0,2610185
2015-06-16,438,9506,320,0,2366494
2015-06-17,440,9266,385,0,2339809
2015-06-18,365,8887,235,0,2526866
2015-06-19,368,7855,245,0,2510731
2015-06-20,297,7809,221,0,2411311
2015-06-21,326,7820,260,0,2288727
2015-06-22,365,9010,340,0,2361918
2015-06-23,386,9142,363,0,2467984
2015-06-24,351,9165,264,0,2175167
2015-06-25,369,8776,258,0,3152003
2015-06-26,370,8392,281,0,2733850
2015-06-27,352,8141,269,0,1930185
2015-06-28,377,8124,369,0,2093354
2015-06-29,420,9592,316,0,2249576
2015-06-30,451,9635,326,0,2194575
2015-07-01,386,8844,1305,0,1990673
2015-07-02,384,8864,420,0,2284455
2015-07-03,390,7880,648,0,2346729
2015-07-04,320,7608,856,0,2290932
2015-07-05,301,7956,262,0,2158134
2015-07-06,332,8673,229,0,2433849
2015-07-07,424,9035,350,0,2242593
2015-07-08,407,9288,315,0,2339639
2015-07-09,427,9350,503,0,2239164
2015-07-10,480,10361,420,0,2285796
2015-07-11,373,8295,302,0,2160294
2015-07-12,383,8637,416,0,2171589
2015-07-13,497,9523,281,0,2147001
2015-07-14,393,8494,278,0,1916406
2015-07-15,409,8381,272,0,2109253
2015-07-16,412,8329,280,0,2123891
2015-07-17,374,7485,245,0,1993029
2015-07-18,303,7041,171,0,2044145
2015-07-19,375,6966,176,0,1900681
2015-07-20,398,9072,576,0,1847644
2015-07-21,426,9124,295,0,1968963
2015-07-22,457,8876,472,0,1719956
2015-07-23,359,9011,317,0,1580766
2015-07-24,365,7363,240,0,1341253
2015-07-25,349,7405,661,0,1728671
2015-07-26,303,7442,715,0,1894953
2015-07-27,396,8528,503,0,2600697
2015-07-28,430,8975,318,0,2659200
2015-07-29,390,8612,254,0,3193588
2015-07-30,415,8372,294,0,1972164
2015-07-31,381,8492,242,0,1875957
2015-08-01,448,8002,820,0,1813432
2015-08-02,304,7881,710,0,1773593
2015-08-03,359,9132,374,0,1950850
2015-08-04,419,9416,248,0,2014525
2015-08-05,446,9132,268,0,1912730
2015-08-06,453,8834,283,0,2081778
2015-08-07,437,8467,372,0,1964115
2015-08-08,523,7988,331,0,1865165
2015-08-09,432,8921,310,0,1905229
2015-08-10,427,9182,306,0,2029996
2015-08-11,413,9382,296,0,2006549
2015-08-12,402,8711,290,0,1883084
2015-08-13,401,8851,281,0,2131395
2015-08-14,329,8489,224,0,1886054
2015-08-15,332,8024,243,0,2061228
2015-08-16,278,8093,220,0,2404881
2015-08-17,380,8697,305,0,2364814
2015-08-18,458,9975,292,0,2300417
2015-08-19,453,9933,358,0,2585917
2015-08-20,380,9535,284,0,3233723
2015-08-21,374,9133,237,0,3481268
2015-08-22,334,8244,388,0,3911796
2015-08-23,296,7955,241,0,2992460
2015-08-24,488,9733,358,0,3110685
2015-08-25,353,9977,313,0,2864890
2015-08-26,375,9536,329,0,2853863
2015-08-27,418,9008,357,0,2636501
2015-08-28,331,8364,347,0,2438717
2015-08-29,383,8120,372,0,2078549
2015-08-30,365,7712,560,0,1950548
2015-08-31,372,8820,625,0,2113043
2015-09-01,393,9130,313,0,2093415
2015-09-02,365,9223,244,0,2098772
2015-09-03,405,9460,285,0,2189977
2015-09-04,365,8808,333,0,2174248
2015-09-05,309,8038,297,0,2088287
2015-09-06,370,8277,321,0,2056732
2015-09-07,342,9370,295,0,2251846
2015-09-08,375,9775,255,0,2272320
2015-09-09,319,9626,344,0,2170818
2015-09-10,364,9924,273,0,2066668
2015-09-11,350,9405,229,0,2043434
2015-09-12,303,8293,248,0,2095915
2015-09-13,309,8764,265,0,2020256
2015-09-14,336,10234,251,0,2168213
2015-09-15,370,9867,268,0,2602968
2015-09-16,347,10085,249,0,2297406
2015-09-17,356,9498,264,0,2260994
2015-09-18,378,8914,207,0,2082663
2015-09-19,237,7582,254,0,1999194
2015-09-20,294,8224,204,0,1869290
2015-09-21,347,9527,224,0,1919933
2015-09-22,410,9867,265,0,2289292
2015-09-23,357,8850,239,0,2472515
2015-09-24,395,8989,233,0,2925928
2015-09-25,381,8861,233,0,2434642
2015-09-26,316,8373,241,0,2647912
2015-09-27,322,8176,198,0,2843812
2015-09-28,366,8682,211,0,2608345
2015-09-29,356,9438,252,0,3277673
2015-09-30,331,9607,232,0,3476254
2015-10-01,375,9203,230,0,2667362
2015-10-02,367,9032,241,0,2231877
2015-10-03,309,8290,185,0,2170330
2015-10-04,311,8269,214,0,2202455
2015-10-05,368,9027,228,0,2139568
2015-10-06,379,9130,288,0,2584976
2015-10-07,349,8526,266,0,2578293
2015-10-08,343,9267,332,0,2742593
2015-10-09,360,8380,291,0,2772678
2015-10-10,315,7661,284,0,2868704
2015-10-11,328,8002,276,0,2802529
2015-10-12,372,8747,290,0,2476114
2015-10-13,408,8992,374,0,2337901
2015-10-14,385,8480,880,0,2220279
2015-10-15,364,8618,2016,0,2420145
2015-10-16,363,8619,1197,0,2387481
2015-10-17,336,9095,1724,0,2499493
2015-10-18,358,8557,1518,0,2273646
2015-10-19,414,9062,1519,0,2448373
2015-10-20,397,8988,1326,0,3194016
2015-10-21,442,8816,3846,0,2565028
2015-10-22,474,9195,5047,0,2540753
2015-10-23,463,8754,4808,0,2522634
2015-10-24,409,8468,5166,0,2385150
2015-10-25,441,9209,4090,0,2465700
2015-10-26,541,9311,6600,0,2407972
2015-10-27,581,9670,5491,0,2299627
2015-10-28,588,10317,6194,0,2429671
2015-10-29,491,10471,5000,0,2511243
2015-10-30,468,10295,5768,0,2908461
2015-10-31,427,9158,3143,0,2627170
2015-11-01,391,8357,492,0,2506612
2015-11-02,532,9749,1091,0,2571150
2015-11-03,618,12169,2339,0,2808101
2015-11-04,716,13606,1893,0,2838499
2015-11-05,633,10176,1844,0,2438748
2015-11-06,382,6837,1242,0,1602601
2015-11-07,467,8982,2082,0,3019195
2015-11-08,438,8984,1315,0,2538154
2015-11-09,520,9135,1888,0,2571098
2015-11-10,580,9169,1752,0,2973113
2015-11-11,463,9022,2671,0,2790138
2015-11-12,469,8792,1364,0,2018456
2015-11-13,479,7959,1234,0,2028045
2015-11-14,373,7801,475,0,1963964
2015-11-15,391,7419,1525,0,2042762
2015-11-16,500,8103,1763,0,2160819
2015-11-17,614,8853,1836,0,1912691
2015-11-18,520,8667,1707,0,1979321
2015-11-19,522,8920,1586,0,2093371
2015-11-20,449,8918,1084,0,1989490
2015-11-21,457,8619,1754,0,1873392
2015-11-22,430,8199,1667,0,2017941
2015-11-23,450,8821,553,0,2045029
2015-11-24,493,8734,1381,0,1839017
2015-11-25,501,9050,1722,0,2070640
2015-11-26,488,9100,1837,0,2025772
2015-11-27,438,8852,692,0,1920413
2015-11-28,409,8402,617,0,2030669
2015-11-29,484,9169,498,0,2147346
2015-11-30,524,9420,2154,0,2266789
2015-12-01,466,9219,1250,0,2084561
2015-12-02,589,9196,2018,0,2157216
2015-12-03,595,9315,1106,0,1941352
2015-12-04,640,8964,788,0,1680146
2015-12-05,715,8621,1548,0,1780671
2015-12-06,661,8772,2045,0,1849394
2015-12-07,806,9275,1117,0,1990306
2015-12-08,646,10188,761,0,2011528
2015-12-09,898,10570,1776,0,2010229
2015-12-10,714,10219,1212,0,1941366
2015-12-11,681,10112,1017,0,1951911
2015-12-12,750,10295,899,0,2089103
2015-12-13,854,9549,1246,0,2093750
2015-12-14,885,10352,1272,0,2205904
2015-12-15,763,10941,889,0,2256966
2015-12-16,903,10326,1313,0,3272169
2015-12-17,840,10391,2931,0,2550428
2015-12-18,897,10450,1795,0,2078271
2015-12-19,754,9325,1115,0,1966126
2015-12-20,704,9271,818,0,2384318
2015-12-21,883,9827,1731,0,2885251
2015-12-22,860,10605,3051,0,2461272
2015-12-23,816,10048,917,0,2388812
2015-12-24,655,8756,721,0,2260640
2015-12-25,589,7758,815,0,2057395
2015-12-26,738,8706,896,0,2099457
2015-12-27,643,8912,920,0,2186674
2015-12-28,723,9057,1089,0,2093232
2015-12-29,619,9621,1331,0,2139813
2015-12-30,631,10120,857,0,2322810
2015-12-31,559,9173,706,0,2329438
2016-01-01,644,7990,889,0,2130638
2016-01-02,671,9484,957,0,2137842
2016-01-03,931,9499,1241,0,2203459
2016-01-04,747,9212,911,0,2108585
2016-01-05,742,10368,1078,0,2218706
2016-01-06,644,10084,870,0,2069083
2016-01-07,665,10241,1049,0,2080932
2016-01-08,815,10362,1282,0,2015576
2016-01-09,684,9971,980,0,1918593
2016-01-10,949,10220,1316,0,1922771
2016-01-11,880,10744,1215,0,2045959
2016-01-12,954,11111,1486,0,2019775
2016-01-13,920,11229,1531,0,2209248
2016-01-14,803,10887,1312,0,2200207
2016-01-15,731,12215,1349,0,2233836
2016-01-16,589,11154,1135,0,2371658
2016-01-17,643,11036,1210,0,2267338
2016-01-18,632,11346,1169,0,3694256
2016-01-19,632,10696,1312,0,6146414
2016-01-20,610,11503,1137,0,4324147
2016-01-21,681,11878,1344,0,3677449
2016-01-22,702,11530,1223,0,3546993
2016-01-23,553,10016,985,0,2530977
2016-01-24,538,10659,1099,0,2656365
2016-01-25,620,10687,1392,0,3155304
2016-01-26,666,10771,1547,0,3510389
2016-01-27,761,10586,2044,0,4214575
2016-01-28,606,9865,1755,0,3916965
2016-01-29,648,10127,1582,0,2967933
2016-01-30,547,9476,1556,0,2485443
2016-01-31,646,9359,1222,0,2385125
2016-02-01,662,10003,1711,0,2373331
2016-02-02,662,10175,1511,0,2134967
2016-02-03,650,10647,1241,0,2346378
2016-02-04,647,10319,1430,0,2328024
2016-02-05,550,10271,1072,0,2335212
2016-02-06,550,10050,1893,0,2808872
2016-02-07,494,10486,1896,0,3801838
2016-02-08,574,10701,1308,0,2101202
2016-02-09,590,11277,1133,0,2183055
2016-02-10,604,11596,980,0,3051591
2016-02-11,667,11295,1197,0,3334027
2016-02-12,548,11353,3522,0,3409464
2016-02-13,518,10338,851,0,3359130
2016-02-14,426,10356,809,0,3107709
2016-02-15,432,10906,976,0,2201830
2016-02-16,486,11526,836,0,2264859
2016-02-17,580,11749,1244,0,2107189
2016-02-18,641,11513,1280,0,2326421
2016-02-19,579,11517,1519,0,2193746
2016-02-20,470,11431,1068,0,2431373
2016-02-21,546,10976,1019,0,2348170
2016-02-22,558,11137,1135,0,2166230
2016-02-23,611,11148,1882,0,2588996
2016-02-24,572,11179,1217,0,2166768
2016-02-25,545,11515,2876,0,2179583
2016-02-26,681,11187,1408,0,2249544
2016-02-27,664,10421,1411,0,2260130
2016-02-28,520,10249,1030,0,2394026
2016-02-29,595,11053,981,0,2354278
2016-03-01,645,12144,1108,0,2322167
2016-03-02,651,11066,1161,0,2203319
2016-03-03,868,11479,1444,0,2158088
2016-03-04,956,10486,1512,0,2204256
2016-03-05,859,10795,1478,0,2065922
2016-03-06,493,9535,900,0,2829508
2016-03-07,537,10278,660,0,2146871
2016-03-08,480,10377,565,0,2279828
2016-03-09,506,10511,549,0,2294288
2016-03-10,592,9843,706,0,2800474
2016-03-11,646,9713,801,0,3428106
2016-03-12,602,9386,772,0,2994284
2016-03-13,444,9570,478,0,5346633
2016-03-14,419,10234,348,0,3272972
2016-03-15,620,10658,709,0,3107472
2016-03-16,656,11351,785,0,3019629
2016-03-17,701,11076,857,0,3529944
2016-03-18,651,11044,813,0,2874806
2016-03-19,524,10190,620,0,2905542
2016-03-20,532,10575,566,0,3290038
2016-03-21,618,11520,738,0,3373033
2016-03-22,594,10045,654,0,5022120
2016-03-23,595,10811,599,0,2224441
2016-03-24,567,10256,679,0,2309981
2016-03-25,614,10242,693,0,2397572
2016-03-26,644,10115,812,0,2150097
2016-03-27,535,9308,649,0,2148426
2016-03-28,660,9929,779,0,2056438
2016-03-29,708,11391,797,0,2299083
2016-03-30,699,11185,743,0,2121571
2016-03-31,771,12209,970,0,2202818
2016-04-01,629,11568,699,0,2041051
2016-04-02,447,10792,527,0,1802241
2016-04-03,435,11157,523,0,1812930
2016-04-04,538,11169,604,0,1720497
2016-04-05,538,11684,616,0,1927126
2016-04-06,533,11489,573,0,2010859
2016-04-07,536,12005,589,0,2115228
2016-04-08,527,11488,642,0,2173485
2016-04-09,513,10915,640,0,2066858
2016-04-10,487,10621,576,0,1915821
2016-04-11,545,11189,704,0,2219839
2016-04-12,582,13422,675,0,1985532
2016-04-13,571,12691,755,0,1884085
2016-04-14,525,11193,623,0,2107833
2016-04-15,525,11826,620,0,2101756
2016-04-16,475,10829,612,0,2339242
2016-04-17,477,10417,602,0,2647179
2016-04-18,553,11423,765,0,2313807
2016-04-19,585,12042,785,0,1905559
2016-04-20,547,11862,716,0,2317701
2016-04-21,571,12124,718,0,2558815
2016-04-22,578,11641,646,0,3068479
2016-04-23,492,9914,646,0,1702600
2016-04-24,483,9281,539,0,2046164
2016-04-25,519,10174,569,0,1981251
2016-04-26,533,11891,597,0,2015681
2016-04-27,539,11817,547,0,1946207
2016-04-28,500,10195,515,0,1894528
2016-04-29,462,9291,456,0,1700737
2016-04-30,461,8769,414,0,1924335
2016-05-01,458,9174,434,0,1845598
2016-05-02,577,10515,576,0,2195642
2016-05-03,532,9980,465,0,2395930
2016-05-04,482,9810,519,0,1975848
2016-05-05,533,9959,534,0,1998064
2016-05-06,440,8961,487,0,1923293
2016-05-07,481,9047,452,0,2885072
2016-05-08,483,8839,465,0,2188806
2016-05-09,497,9669,489,0,2282687
2016-05-10,556,10298,547,0,2313310
2016-05-11,532,10120,586,0,2210843
2016-05-12,459,9693,545,0,2141752
2016-05-13,506,9772,541,0,2141321
2016-05-14,446,9374,500,0,2602170
2016-05-15,423,9148,484,0,2386672
2016-05-16,507,9641,469,0,1992300
2016-05-17,511,10972,504,0,2084050
2016-05-18,521,11420,565,0,1928908
2016-05-19,510,11136,568,0,1958439
2016-05-20,503,10706,515,0,2073417
2016-05-21,519,9669,520,0,2457499
2016-05-22,476,9294,535,0,2440933
2016-05-23,564,11083,660,0,2862644
2016-05-24,584,13770,692,0,2455241
2016-05-25,567,12139,667,0,2405282
2016-05-26,612,11740,660,0,2282927
2016-05-27,546,11019,613,0,2188140
2016-05-28,520,10777,569,0,1989426
2016-05-29,489,10547,538,0,2183141
2016-05-30,582,11280,638,0,2441671
2016-05-31,621,12284,581,0,2232265
2016-06-01,567,12932,643,0,2015688
2016-06-02,576,11380,706,0,2158616
2016-06-03,552,10944,743,0,2201223
2016-06-04,534,10779,757,0,2362981
2016-06-05,461,11083,669,0,2250826
2016-06-06,551,11721,691,0,2388647
2016-06-07,692,13039,808,0,2988040
2016-06-08,562,13079,697,0,2375651
2016-06-09,570,12163,775,0,2156850
2016-06-10,502,12105,652,0,2242131
2016-06-11,564,11449,670,0,2437827
2016-06-12,563,13589,611,0,2555432
2016-06-13,671,15183,750,0,2461471
2016-06-14,624,15209,769,0,2486752
2016-06-15,631,14905,695,0,2390327
2016-06-16,658,16068,760,0,2381981
2016-06-17,648,14729,718,0,2490023
2016-06-18,542,13517,609,0,2412151
2016-06-19,409,13051,441,0,2295775
2016-06-20,553,13955,551,0,2284571
2016-06-21,543,13166,556,0,2544742
2016-06-22,545,13931,563,0,2277830
2016-06-23,537,12838,626,0,2167798
2016-06-24,561,12979,657,0,2282230
2016-06-25,474,11273,575,0,2039808
2016-06-26,488,12293,594,0,2163842
2016-06-27,563,13163,892,0,2613479
2016-06-28,512,13043,808,0,2221245
2016-06-29,624,12755,788,0,2099799
2016-06-30,538,12040,856,0,2247381
2016-07-01,555,11434,777,0,1971649
2016-07-02,514,10461,910,0,2124878
2016-07-03,555,10982,1201,0,2489239
2016-07-04,431,11848,312,0,2017399
2016-07-05,435,11621,322,0,2151738
2016-07-06,422,12019,345,0,2312405
2016-07-07,500,12844,334,0,2429237
2016-07-08,388,11232,327,0,2557984
2016-07-09,390,11112,273,0,2948694
2016-07-10,343,11222,230,0,2272172
2016-07-11,416,10834,289,0,2272040
2016-07-12,435,11583,312,0,3427504
2016-07-13,451,11946,316,0,2566595
2016-07-14,426,12268,333,0,2559604
2016-07-15,396,10909,323,0,2206950
2016-07-16,363,10089,260,0,2559295
2016-07-17,260,9993,232,0,2625147
2016-07-18,398,11271,335,0,2365590
2016-07-19,378,11235,309,0,2392118
2016-07-20,397,12141,314,0,2506380
2016-07-21,408,11930,330,0,2465971
2016-07-22,422,11228,303,0,2369492
2016-07-23,312,9642,252,0,2213063
2016-07-24,324,10467,251,0,2380342
2016-07-25,410,11679,286,0,2457828
2016-07-26,459,12144,354,0,2523339
2016-07-27,421,11132,300,0,2483974
2016-07-28,428,10864,331,0,2501470
2016-07-29,398,10096,290,0,2183309
2016-07-30,336,9439,263,0,2245896
2016-07-31,307,9657,243,0,2148395
2016-08-01,431,10762,328,0,2215843
2016-08-02,543,12082,430,0,2442312
2016-08-03,521,14271,684,0,2314137
2016-08-04,411,12695,809,0,2430725
2016-08-05,431,11665,340,0,2121592
2016-08-06,362,9054,351,0,2169139
2016-08-07,361,9192,265,0,2493888
2016-08-08,424,10572,366,0,2357714
2016-08-09,391,10305,368,0,2284725
2016-08-10,416,10837,333,0,2354887
2016-08-11,438,10825,334,0,2258358
2016-08-12,373,10660,252,0,2223330
2016-08-13,356,9910,289,0,2078234
2016-08-14,325,9721,233,0,2118291
2016-08-15,391,10049,336,0,2268519
2016-08-16,420,10353,355,0,2433879
2016-08-17,432,11062,322,0,2319847
2016-08-18,422,10714,352,0,2166772
2016-08-19,390,11056,332,0,2209558
2016-08-20,327,9786,344,0,2023046
2016-08-21,317,9579,293,0,2624311
2016-08-22,383,10229,332,0,2180637
2016-08-23,434,11702,383,0,2147161
2016-08-24,414,10922,420,0,2155359
2016-08-25,391,10686,328,0,2110035
2016-08-26,373,10731,340,0,2015018
2016-08-27,365,9533,321,0,2259407
2016-08-28,309,10590,268,0,2515408
2016-08-29,413,10429,325,0,2750043
2016-08-30,397,11606,328,0,3178901
2016-08-31,391,11853,432,0,3200247
2016-09-01,390,11734,376,0,2743359
2016-09-02,447,10840,359,0,2919102
2016-09-03,439,10069,339,0,2448935
2016-09-04,415,10342,284,0,2257494
2016-09-05,380,10548,338,0,2091844
2016-09-06,438,11168,318,0,2113889
2016-09-07,364,10398,377,0,1941014
2016-09-08,330,8954,351,0,2098853
2016-09-09,366,9405,303,0,2124016
2016-09-10,412,10122,395,0,2138918
2016-09-11,371,10230,333,0,2381082
2016-09-12,467,11049,361,0,2159189
2016-09-13,458,10778,344,0,1993643
2016-09-14,416,10618,304,0,1968577
2016-09-15,374,10004,288,0,2016119
2016-09-16,354,9978,318,0,1963480
2016-09-17,397,9823,316,0,2191011
2016-09-18,406,10485,267,0,2197197
2016-09-19,425,10690,332,0,2208267
2016-09-20,442,11238,350,0,2090342
2016-09-21,457,10444,343,0,2100486
2016-09-22,412,10262,350,0,2162727
2016-09-23,409,10075,376,0,2067448
2016-09-24,389,9919,360,0,2131871
2016-09-25,351,9849,230,0,2297395
2016-09-26,505,10219,348,0,1917203
2016-09-27,434,10418,332,0,1946587
2016-09-28,139,2817,82,0,589030
